year,country_residence_iso3,n_billionaires,total_wealth,median_wealth,median_age,share_self_made
1997,THA,1,2000000000,2000000000,73,0
1997,NA,1,1800000000,1800000000,69,0
1998,LBN,1,3300000000,3300000000,65,1
1999,BRA,1,1000000000,1000000000,NA,1
1999,CHE,1,2900000000,2900000000,53,0
1999,COL,1,1300000000,1300000000,68,1
1999,DEU,1,7100000000,7100000000,59,1
1999,GBR,1,1000000000,1000000000,NA,0
1999,HKG,1,1100000000,1100000000,71,0
1999,NA,2,4300000000,2150000000,65.5,0.5
2000,BRA,1,1000000000,1000000000,NA,1
2000,CHE,1,1900000000,1900000000,54,0
2000,GBR,1,4500000000,4500000000,NA,0
2000,JPN,3,3800000000,1200000000,59,1
2000,MCO,1,2900000000,2900000000,45,0
2000,NA,1,2100000000,2100000000,66,1
2001,ARE,1,1900000000,1900000000,47,NA
2001,ARG,1,1700000000,1700000000,66,NA
2001,AUS,1,2200000000,2200000000,70,NA
2001,BEL,1,1000000000,1000000000,75,NA
2001,BMU,1,5400000000,5400000000,75,NA
2001,BRA,4,9700000000,2300000000,64.5,NA
2001,CAN,7,19700000000,2700000000,59,1
2001,CHE,7,28300000000,3300000000,55,0
2001,CHL,1,1300000000,1300000000,55,NA
2001,CHN,1,3400000000,3400000000,60,NA
2001,COL,1,1500000000,1500000000,68,NA
2001,DEU,13,60800000000,4000000000,61,NA
2001,DNK,1,1900000000,1900000000,53,NA
2001,EGY,1,1000000000,1000000000,71,NA
2001,ESP,5,11000000000,1000000000,65,NA
2001,FRA,9,51600000000,4900000000,64,NA
2001,GBR,10,29300000000,2150000000,60,0.5
2001,GRC,1,4600000000,4600000000,54,NA
2001,HKG,10,40600000000,1800000000,64.5,0
2001,IND,3,10800000000,2200000000,55,NA
2001,IRL,1,2100000000,2100000000,57,NA
2001,ISR,3,6800000000,1600000000,35,NA
2001,ITA,8,31400000000,2400000000,66,0
2001,JPN,13,39000000000,3300000000,60,1
2001,KOR,2,2600000000,1300000000,50,NA
2001,MEX,8,24100000000,1850000000,52,NA
2001,MYS,4,7300000000,1300000000,64,NA
2001,NOR,2,2600000000,1300000000,50,NA
2001,PHL,2,2500000000,1250000000,71,NA
2001,PRT,1,1000000000,1000000000,63,NA
2001,RUS,5,7400000000,1400000000,40,NA
2001,SAU,3,25100000000,3000000000,60,NA
2001,SGP,1,1000000000,1000000000,72,NA
2001,SWE,5,36000000000,7700000000,58,NA
2001,THA,1,1200000000,1200000000,51,0
2001,TUR,3,8200000000,2500000000,47,NA
2001,TWN,2,3400000000,1700000000,26,NA
2001,USA,179,691600000000,2000000000,61,0
2001,VEN,2,9800000000,4900000000,45.5,NA
2001,ZAF,2,5800000000,2900000000,53.5,NA
2001,NA,9,19300000000,1300000000,58,0
2002,ARE,1,1800000000,1800000000,48,NA
2002,ARG,1,1000000000,1000000000,67,NA
2002,AUS,1,2100000000,2100000000,71,NA
2002,BEL,2,2700000000,1350000000,75.5,NA
2002,BHS,1,1100000000,1100000000,65,NA
2002,BMU,1,5600000000,5600000000,75,NA
2002,BRA,4,8800000000,2050000000,69.5,NA
2002,CAN,8,19400000000,2250000000,65.5,1
2002,CHE,12,54200000000,3400000000,56,0
2002,CHL,1,1500000000,1500000000,56,NA
2002,CHN,1,1000000000,1000000000,53,NA
2002,COL,1,1100000000,1100000000,69,NA
2002,DEU,13,51000000000,2600000000,61,NA
2002,DNK,1,2100000000,2100000000,54,NA
2002,ESP,4,12600000000,1250000000,58.5,NA
2002,FRA,8,38800000000,3700000000,64.5,NA
2002,GBR,12,43700000000,2000000000,57.5,NA
2002,HKG,9,37700000000,3100000000,73,NA
2002,IND,3,9700000000,2100000000,56,NA
2002,IRL,1,2200000000,2200000000,58,NA
2002,ISR,2,4300000000,2150000000,39,NA
2002,ITA,7,24600000000,2000000000,65,0
2002,JPN,12,23400000000,1700000000,60.5,NA
2002,KOR,1,2500000000,2500000000,60,NA
2002,MCO,3,4800000000,1400000000,35,0
2002,MEX,7,22700000000,1600000000,59,NA
2002,MYS,3,4000000000,1300000000,63,NA
2002,NOR,1,1300000000,1300000000,45,NA
2002,PHL,4,5300000000,1300000000,68,0
2002,RUS,6,11100000000,1700000000,38.5,NA
2002,SAU,4,25900000000,2200000000,58,NA
2002,SGP,1,1200000000,1200000000,73,NA
2002,SWE,3,8000000000,1400000000,59,NA
2002,THA,2,2300000000,1150000000,57,0
2002,TUR,4,9800000000,2400000000,47,NA
2002,TWN,1,1700000000,1700000000,52,NA
2002,USA,172,623400000000,1800000000,61,0
2002,VEN,2,9400000000,4700000000,46,NA
2002,ZAF,2,4400000000,2200000000,53.5,NA
2002,NA,11,25300000000,1800000000,61.5,0.14285714285714285
2003,ARE,1,2000000000,2000000000,49,NA
2003,ARG,1,1600000000,1600000000,68,NA
2003,AUS,1,1800000000,1800000000,72,NA
2003,AUT,1,1000000000,1000000000,58,NA
2003,BEL,2,4500000000,2250000000,76.5,NA
2003,BHS,1,1100000000,1100000000,66,NA
2003,BMU,1,5700000000,5700000000,76,NA
2003,BRA,2,3900000000,1950000000,74.5,NA
2003,CAN,10,23000000000,1950000000,64,1
2003,CHE,14,59300000000,2800000000,57,0
2003,CHL,1,1400000000,1400000000,57,NA
2003,COL,1,1000000000,1000000000,70,NA
2003,DEU,20,50300000000,2100000000,61,NA
2003,DNK,1,2300000000,2300000000,55,NA
2003,ESP,5,15500000000,1300000000,59,NA
2003,FRA,8,36200000000,3000000000,65.5,NA
2003,GBR,12,36300000000,2150000000,63.5,NA
2003,HKG,8,28800000000,3350000000,74.5,NA
2003,IND,6,15200000000,2200000000,57,NA
2003,IRL,1,2300000000,2300000000,59,NA
2003,ISR,2,3400000000,1700000000,59,NA
2003,ITA,6,20400000000,3150000000,66.5,0
2003,JPN,10,21400000000,1750000000,64.5,NA
2003,KOR,1,2800000000,2800000000,61,NA
2003,MCO,2,3300000000,1650000000,33,NA
2003,MEX,6,16600000000,1650000000,61.5,NA
2003,MYS,2,3100000000,1550000000,63,NA
2003,NLD,2,2100000000,1050000000,54,NA
2003,NOR,1,1000000000,1000000000,46,NA
2003,PHL,2,3100000000,1550000000,73,NA
2003,RUS,11,23500000000,1500000000,38,0
2003,SAU,4,23600000000,2200000000,59,NA
2003,SGP,2,2900000000,1450000000,76,0
2003,SWE,2,10300000000,5150000000,57,NA
2003,THA,1,1300000000,1300000000,63,NA
2003,TUR,3,4800000000,1800000000,47,NA
2003,TWN,1,1600000000,1600000000,0,NA
2003,USA,164,554700000000,1800000000,62,0
2003,VEN,2,8300000000,4150000000,47,NA
2003,ZAF,2,4200000000,2100000000,54.5,NA
2003,NA,9,22800000000,1800000000,48,0
2004,ARE,1,3700000000,3700000000,50,NA
2004,ARG,1,1600000000,1600000000,69,NA
2004,AUS,3,4800000000,1300000000,71,NA
2004,AUT,3,7100000000,2700000000,63,NA
2004,BEL,2,4900000000,2450000000,77.5,NA
2004,BHS,1,1600000000,1600000000,67,NA
2004,BMU,1,5900000000,5900000000,77,NA
2004,BRA,4,6800000000,1400000000,67.5,NA
2004,CAN,12,32000000000,2050000000,65,1
2004,CHE,15,73600000000,2900000000,66,0
2004,CHL,1,2800000000,2800000000,58,NA
2004,CHN,1,1100000000,1100000000,62,NA
2004,COL,1,1400000000,1400000000,71,NA
2004,DEU,27,107800000000,2600000000,60,NA
2004,DNK,1,2500000000,2500000000,56,NA
2004,ESP,6,17300000000,1650000000,56.5,0
2004,FRA,8,54600000000,5150000000,66.5,NA
2004,GBR,14,51000000000,2700000000,58,NA
2004,HKG,13,51800000000,2300000000,59,0
2004,IND,8,25700000000,2500000000,54,NA
2004,IRL,1,2400000000,2400000000,60,NA
2004,ISR,4,8700000000,1550000000,53.5,0
2004,ITA,7,28400000000,2200000000,67,0
2004,JPN,13,33800000000,2400000000,61,1
2004,KOR,1,3400000000,3400000000,62,NA
2004,MCO,4,9400000000,1700000000,57,NA
2004,MEX,6,25800000000,2150000000,62.5,NA
2004,MYS,3,6300000000,2100000000,65,NA
2004,NLD,2,3100000000,1550000000,55,NA
2004,NOR,4,6500000000,1800000000,66.5,NA
2004,PHL,2,2900000000,1450000000,74,NA
2004,PRT,1,1200000000,1200000000,65,NA
2004,RUS,18,54700000000,2300000000,42.5,0
2004,SAU,4,27300000000,2250000000,60,NA
2004,SGP,3,5100000000,1800000000,75,0
2004,SWE,5,17500000000,1400000000,56,NA
2004,THA,1,1700000000,1700000000,64,NA
2004,TUR,4,6100000000,1200000000,44,NA
2004,TWN,4,7600000000,1800000000,27,NA
2004,USA,203,712200000000,1800000000,63,0
2004,VEN,2,8700000000,4350000000,48,NA
2004,ZAF,2,6100000000,3050000000,55.5,NA
2004,NA,15,35800000000,1600000000,72,0
2005,ARE,1,3900000000,3900000000,51,NA
2005,ARG,1,1700000000,1700000000,70,NA
2005,AUS,4,7200000000,1300000000,71,NA
2005,AUT,3,8000000000,2900000000,64,NA
2005,BEL,2,10300000000,5150000000,78.5,NA
2005,BHS,1,1600000000,1600000000,68,NA
2005,BRA,7,13400000000,1600000000,68,NA
2005,CAN,12,36800000000,2350000000,66,1
2005,CHE,15,86600000000,3800000000,70.5,0
2005,CHL,1,2700000000,2700000000,59,NA
2005,CHN,1,1600000000,1600000000,63,NA
2005,COL,1,2700000000,2700000000,72,NA
2005,CYM,1,2300000000,2300000000,58,NA
2005,DEU,33,118300000000,2300000000,60,NA
2005,DNK,1,2500000000,2500000000,57,NA
2005,EGY,1,5200000000,5200000000,75,NA
2005,ESP,8,25300000000,1950000000,62,0
2005,FRA,11,67600000000,4800000000,67,NA
2005,GBR,19,86900000000,2700000000,54,NA
2005,HKG,15,61700000000,2100000000,59,0
2005,IDN,1,2000000000,2000000000,64,NA
2005,IND,8,32200000000,3250000000,54,NA
2005,IRL,1,2500000000,2500000000,61,NA
2005,ISR,5,12300000000,2200000000,60,0
2005,ITA,7,42000000000,4500000000,68,0
2005,JPN,14,42000000000,2750000000,64.5,1
2005,KAZ,3,3000000000,1000000000,51,NA
2005,KOR,2,5800000000,2900000000,65,NA
2005,MCO,4,11900000000,2300000000,65,NA
2005,MEX,7,37300000000,2600000000,63,NA
2005,MYS,4,9700000000,2350000000,67.5,NA
2005,NLD,3,5600000000,2000000000,63,NA
2005,NOR,4,8200000000,1800000000,67,NA
2005,PHL,3,5100000000,1700000000,70,0
2005,POL,2,2000000000,1000000000,51.5,NA
2005,PRT,1,1700000000,1700000000,67,NA
2005,RUS,25,74500000000,2100000000,44,0
2005,SAU,5,35600000000,2600000000,59,NA
2005,SGP,3,5800000000,2300000000,76,0
2005,SWE,5,21400000000,2000000000,57,NA
2005,THA,2,4700000000,2350000000,62.5,NA
2005,TUR,7,14900000000,1100000000,60,NA
2005,TWN,4,8700000000,2100000000,65,NA
2005,UKR,2,3700000000,1850000000,41,NA
2005,USA,254,824200000000,1700000000,63,0
2005,VEN,2,9100000000,4550000000,49,NA
2005,ZAF,2,8300000000,4150000000,56.5,NA
2005,NA,12,37100000000,3050000000,73,0
2006,ARE,3,9300000000,1400000000,0,NA
2006,ARG,1,1700000000,1700000000,71,NA
2006,AUS,5,12500000000,1400000000,71,NA
2006,AUT,3,8700000000,3000000000,65,NA
2006,BEL,1,3000000000,3000000000,80,NA
2006,BHS,1,1600000000,1600000000,69,NA
2006,BRA,11,21700000000,1500000000,63,NA
2006,CAN,14,42400000000,2550000000,66.5,0
2006,CHE,15,96600000000,4400000000,68,NA
2006,CHL,1,4099999999.999999,4099999999.999999,60,NA
2006,CHN,6,7400000000,1150000000,46.5,NA
2006,COL,1,4400000000,4400000000,73,NA
2006,CYM,1,2400000000,2400000000,59,NA
2006,CZE,1,3000000000,3000000000,41,NA
2006,DEU,32,123800000000,2600000000,61.5,NA
2006,DNK,1,2800000000,2800000000,58,NA
2006,EGY,2,7400000000,3700000000,38,NA
2006,ESP,8,29800000000,2000000000,63,0
2006,FRA,12,79600000000,4050000000,62.5,NA
2006,GBR,24,102200000000,2650000000,54.5,NA
2006,HKG,19,77200000000,2100000000,58,0
2006,IDN,1,1800000000,1800000000,65,NA
2006,IND,17,65300000000,2800000000,55,NA
2006,IRL,2,3500000000,1750000000,59,NA
2006,ISR,6,16100000000,2500000000,59,0
2006,ITA,10,42200000000,2500000000,66.5,NA
2006,JPN,16,43800000000,3000000000,63.5,1
2006,KAZ,4,8700000000,2000000000,52,NA
2006,KOR,3,11300000000,3300000000,64,NA
2006,KWT,2,2800000000,1400000000,24.5,NA
2006,MCO,5,22400000000,2600000000,68,NA
2006,MEX,7,45600000000,2800000000,64,NA
2006,MYS,6,12100000000,1800000000,68.5,NA
2006,NLD,3,6500000000,2200000000,64,NA
2006,NOR,4,10800000000,2100000000,68,NA
2006,NZL,1,1700000000,1700000000,50,NA
2006,PHL,3,4500000000,1500000000,71,0
2006,POL,3,4000000000,1000000000,49,NA
2006,PRT,1,2200000000,2200000000,68,NA
2006,RUS,32,152100000000,4049999999.9999995,45,0
2006,SAU,9,57900000000,4099999999.999999,35,NA
2006,SGP,1,2400000000,2400000000,77,NA
2006,SWE,5,21700000000,2100000000,58,NA
2006,THA,2,5600000000,2800000000,63.5,NA
2006,TUR,15,19800000000,1300000000,61,NA
2006,TWN,4,11300000000,2700000000,55.5,NA
2006,UKR,2,2900000000,1450000000,42,NA
2006,USA,282,938400000000,1800000000,64,0.03896103896103896
2006,VEN,2,9900000000,4950000000,50,NA
2006,ZAF,2,7900000000,3950000000,57.5,NA
2006,NA,16,51700000000,2750000000,74,0
2007,ARE,4,14800000000,2750000000,26.5,1
2007,ARG,1,1700000000,1700000000,72,NA
2007,AUS,9,20900000000,1800000000,67,0
2007,AUT,3,9900000000,3400000000,66,NA
2007,BEL,1,3100000000,3100000000,81,NA
2007,BHS,1,2500000000,2500000000,70,NA
2007,BMU,1,1000000000,1000000000,78,0
2007,BRA,13,36600000000,2000000000,67,NA
2007,CAN,17,67900000000,1900000000,65,0
2007,CHE,17,117200000000,5500000000,65,1
2007,CHL,2,6800000000,3400000000,59,NA
2007,CHN,15,21300000000,1300000000,50,NA
2007,COL,1,4700000000,4700000000,74,NA
2007,CYM,1,3000000000,3000000000,60,NA
2007,CYP,1,1000000000,1000000000,54,NA
2007,CZE,1,6000000000,6000000000,42,NA
2007,DEU,34,150600000000,3100000000,62,NA
2007,DNK,1,3300000000,3300000000,59,NA
2007,EGY,4,20400000000,4450000000,51,NA
2007,ESP,12,63800000000,3400000000,61.5,0
2007,FRA,11,91500000000,4500000000,69,NA
2007,GBR,31,144900000000,2500000000,55,0.5
2007,GEO,1,4700000000,4700000000,51,NA
2007,HKG,26,117500000000,2400000000,59,0
2007,IDN,1,1500000000,1500000000,66,NA
2007,IND,29,147300000000,2600000000,56,NA
2007,IRL,2,4400000000,2200000000,60,NA
2007,ISR,7,22600000000,4000000000,58,0
2007,ITA,10,47500000000,2900000000,67.5,NA
2007,JPN,18,50100000000,2450000000,64,1
2007,KAZ,7,16900000000,1900000000,46,NA
2007,KOR,7,12800000000,1800000000,55,NA
2007,KWT,2,3200000000,1600000000,30,NA
2007,LBN,2,4600000000,2300000000,25.5,NA
2007,MCO,5,23100000000,2800000000,69,NA
2007,MEX,8,70600000000,3200000000,64,0
2007,MYS,7,18600000000,2600000000,68,NA
2007,NLD,3,7300000000,2200000000,65,NA
2007,NOR,4,10400000000,2500000000,63,NA
2007,NZL,2,4700000000,2350000000,49,NA
2007,PHL,3,7500000000,2600000000,72,0
2007,POL,3,5800000000,2000000000,45,NA
2007,PRT,1,2300000000,2300000000,69,NA
2007,ROU,1,1100000000,1100000000,67,1
2007,RUS,44,246100000000,4450000000,44,0
2007,SAU,9,48200000000,2600000000,48,NA
2007,SGP,4,9800000000,1850000000,52.5,0
2007,SWE,5,31900000000,3000000000,59,NA
2007,THA,2,5800000000,2900000000,64.5,NA
2007,TUR,18,28000000000,1350000000,62,NA
2007,TWN,6,20100000000,2550000000,56.5,NA
2007,UKR,5,10200000000,1200000000,40,NA
2007,USA,317,1151600000000,2000000000,64,0.0707070707070707
2007,VEN,2,12000000000,6000000000,51,NA
2007,ZAF,2,9300000000,4650000000,58.5,NA
2007,NA,17,66600000000,3200000000,75,0.0625
2008,ARE,5,11600000000,2500000000,0,1
2008,ARG,1,2100000000,2100000000,73,NA
2008,AUS,12,38600000000,2200000000,67,0
2008,AUT,3,12600000000,4000000000,67,NA
2008,BEL,1,3200000000,3200000000,82,NA
2008,BHS,1,3000000000,3000000000,71,NA
2008,BRA,15,58000000000,2500000000,62,NA
2008,CAN,18,72600000000,2850000000,66.5,0
2008,CHE,19,115700000000,3600000000,61.5,1
2008,CHL,3,19200000000,7900000000,58,NA
2008,CHN,40,80700000000,1600000000,48,0.75
2008,COL,1,5500000000,5500000000,75,NA
2008,CYM,1,3300000000,3300000000,61,NA
2008,CYP,1,1200000000,1200000000,56,NA
2008,CZE,1,9300000000,9300000000,43,NA
2008,DEU,36,176800000000,3000000000,62.5,NA
2008,DNK,1,6500000000,6500000000,60,NA
2008,EGY,4,35700000000,10050000000,52,0
2008,ESP,12,48300000000,2800000000,61.5,0
2008,FRA,11,95400000000,4500000000,70,NA
2008,GBR,37,180800000000,2600000000,56,0.3333333333333333
2008,GEO,1,6400000000,6400000000,52,NA
2008,HKG,27,137600000000,2500000000,58,0.5
2008,HUN,1,1100000000,1100000000,62,NA
2008,IDN,3,5200000000,2000000000,67,NA
2008,IND,36,256800000000,3250000000,56.5,0.5
2008,IRL,3,7400000000,2500000000,58,NA
2008,ISR,6,20000000000,3550000000,61,0
2008,ITA,10,43600000000,2900000000,68.5,NA
2008,JPN,18,55100000000,2150000000,62,1
2008,KAZ,7,21800000000,3300000000,47,NA
2008,KOR,8,15300000000,1950000000,59.5,NA
2008,KWT,2,5600000000,2800000000,30.5,NA
2008,LBN,2,5200000000,2600000000,26,NA
2008,MCO,2,13300000000,6650000000,73.5,NA
2008,MEX,8,92600000000,5300000000,65,NA
2008,MYS,7,23700000000,2300000000,69,NA
2008,NGA,1,3300000000,3300000000,0,NA
2008,NLD,3,5800000000,2000000000,66,NA
2008,NOR,4,11800000000,2950000000,64,NA
2008,NZL,2,6800000000,3400000000,50,NA
2008,PHL,2,2900000000,1450000000,78,0
2008,POL,3,7200000000,2600000000,46,0
2008,PRT,2,9000000000,4500000000,71.5,NA
2008,ROU,1,1200000000,1200000000,68,1
2008,RUS,64,420300000000,3700000000,45,0.6
2008,SAU,8,57500000000,5150000000,50,NA
2008,SGP,5,9800000000,1700000000,54,0
2008,SWE,6,33000000000,2350000000,60,NA
2008,THA,3,8800000000,3500000000,68,0
2008,TUR,27,51100000000,1700000000,54,0
2008,TWN,6,22700000000,3000000000,57.5,NA
2008,UKR,5,23900000000,4200000000,41,NA
2008,USA,368,1426400000000,2200000000,65,0.03939393939393939
2008,VEN,2,9600000000,4800000000,52,NA
2008,ZAF,3,11900000000,3800000000,57,NA
2008,NA,29,112600000000,2900000000,73,0
2009,ARE,4,9600000000,2400000000,0,NA
2009,ARG,1,1800000000,1800000000,74,NA
2009,AUS,10,19200000000,1700000000,63,0
2009,AUT,3,10900000000,3700000000,68,NA
2009,BEL,1,2400000000,2400000000,83,NA
2009,BHS,1,2500000000,2500000000,72,NA
2009,BRA,12,39100000000,2600000000,69.5,NA
2009,CAN,15,45100000000,2100000000,67,NA
2009,CHE,14,74000000000,3350000000,66.5,NA
2009,CHL,3,12900000000,5900000000,59,NA
2009,CHN,29,45000000000,1400000000,52,0.5
2009,COL,1,2400000000,2400000000,76,NA
2009,CYM,1,2400000000,2400000000,62,NA
2009,CZE,1,6000000000,6000000000,44,NA
2009,DEU,39,133200000000,2100000000,64,NA
2009,DNK,2,3100000000,1550000000,61,NA
2009,EGY,3,7800000000,3000000000,54,NA
2009,ESP,10,34100000000,1850000000,60,0
2009,FRA,9,54500000000,3200000000,71,NA
2009,GBR,33,104100000000,1800000000,58,0.25
2009,GEO,1,3200000000,3200000000,53,NA
2009,HKG,19,73200000000,1800000000,60,NA
2009,IDN,3,4400000000,1700000000,68,NA
2009,IND,21,85500000000,2600000000,58,1
2009,IRL,3,6000000000,2200000000,59,NA
2009,ISR,7,13500000000,2000000000,64,0
2009,ITA,10,25900000000,1500000000,69.5,NA
2009,JPN,15,44000000000,2500000000,64,0
2009,KAZ,3,3600000000,1200000000,55,NA
2009,KOR,4,6800000000,1400000000,66,NA
2009,KWT,2,2200000000,1100000000,31,NA
2009,LBN,2,4000000000,2000000000,56.5,NA
2009,MCO,2,11100000000,5550000000,74.5,NA
2009,MEX,9,55100000000,2600000000,65,NA
2009,MYS,5,15900000000,2500000000,70,NA
2009,NGA,2,3700000000,1850000000,46.5,1
2009,NLD,2,3800000000,1900000000,64.5,NA
2009,NOR,4,7600000000,1750000000,65,NA
2009,NZL,2,5500000000,2750000000,51,NA
2009,PHL,2,4100000000,2050000000,79,0
2009,POL,2,3600000000,1800000000,62,0
2009,PRT,1,3300000000,3300000000,74,NA
2009,RUS,29,96000000000,2500000000,47,0
2009,SAU,9,45100000000,3500000000,50,NA
2009,SGP,3,4000000000,1400000000,50,0
2009,SWE,5,24400000000,2000000000,61,NA
2009,THA,3,7100000000,2100000000,69,0
2009,TUR,13,18500000000,1100000000,60,NA
2009,TWN,5,10500000000,2000000000,58,NA
2009,UKR,4,6700000000,1500000000,44.5,NA
2009,USA,323,987400000000,1700000000,66,0
2009,VEN,2,5800000000,2900000000,53,NA
2009,ZAF,3,7500000000,1300000000,58,NA
2009,NA,26,81500000000,2000000000,76,0
2010,ARE,4,8300000000,2200000000,0,0
2010,ARG,1,2000000000,2000000000,75,0
2010,AUS,11,29600000000,2400000000,64,0
2010,AUT,3,11600000000,4099999999.999999,69,0
2010,BEL,1,2600000000,2600000000,84,0
2010,BHS,1,3000000000,3000000000,73,0
2010,BRA,16,86400000000,3000000000,63.5,0
2010,CAN,21,68400000000,2300000000,64,0.047619047619047616
2010,CHE,23,98300000000,2800000000,64,0
2010,CHL,4,26300000000,6550000000,30,0
2010,CHN,71,147100000000,1600000000,50,0.08450704225352113
2010,COL,1,5600000000,5600000000,77,0
2010,CYM,1,2400000000,2400000000,63,0
2010,CZE,2,8600000000,4300000000,50,0
2010,DEU,42,163000000000,2500000000,65.5,0
2010,DNK,2,5000000000,2500000000,62,0
2010,EGY,4,13000000000,2800000000,54,0
2010,ESP,9,42500000000,2000000000,63,0
2010,FIN,1,1300000000,1300000000,53,0
2010,FRA,11,81600000000,4000000000,72,0
2010,GBR,41,152000000000,1900000000,58,0
2010,GEO,1,4800000000,4800000000,54,0
2010,HKG,27,130000000000,2100000000,60.5,0.037037037037037035
2010,IDN,4,10400000000,2850000000,65,0
2010,IND,47,190000000000,1700000000,57,0.0425531914893617
2010,IRL,5,11300000000,2300000000,63,0
2010,ISR,7,17000000000,2100000000,65,0.14285714285714285
2010,ITA,11,40000000000,2100000000,69,0.09090909090909091
2010,JPN,22,68700000000,2000000000,66,0.09090909090909091
2010,KAZ,7,16900000000,3300000000,49,0
2010,KOR,10,22300000000,1550000000,57,0
2010,LBN,3,6900000000,2500000000,54,0
2010,MCO,2,18400000000,9200000000,75.5,0
2010,MEX,9,90300000000,4000000000,66,0
2010,MYS,8,24800000000,2850000000,70.5,0
2010,NGA,1,2100000000,2100000000,52,0
2010,NLD,3,6500000000,2000000000,68,0
2010,NOR,4,9000000000,2000000000,66,0
2010,NZL,2,6300000000,3150000000,52,0
2010,PAK,1,1000000000,1000000000,62,0
2010,PHL,2,5900000000,2950000000,80,0
2010,POL,5,9500000000,2000000000,53,0
2010,PRT,2,5500000000,2750000000,73,0
2010,ROU,1,1000000000,1000000000,70,1
2010,RUS,56,251400000000,2850000000,47,0.017857142857142856
2010,SAU,9,57900000000,5800000000,65,0
2010,SGP,5,11500000000,2000000000,56,0
2010,SWE,6,36600000000,2500000000,62,0
2010,THA,3,9100000000,2900000000,70,0
2010,TUR,28,42800000000,1300000000,58,0
2010,TWN,13,26300000000,1700000000,57,0
2010,UKR,5,13200000000,2000000000,47,0.2
2010,USA,388,1299500000000,1800000000,66.5,0.007731958762886598
2010,VEN,2,7700000000,3850000000,54,0
2010,ZAF,3,9600000000,2300000000,59,0
2010,NA,39,145000000000,3200000000,75,0.05128205128205128
2011,ARE,4,7200000000,1500000000,0,0
2011,ARG,2,6500000000,3250000000,38,0
2011,AUS,15,50700000000,2400000000,70,0.7333333333333333
2011,AUT,4,15400000000,3850000000,68,0.75
2011,BEL,1,3100000000,3100000000,85,1
2011,BRA,26,121800000000,2600000000,63.5,0.46153846153846156
2011,CAN,21,77900000000,2500000000,69,0.7619047619047619
2011,CHE,20,84000000000,2900000000,63.5,0.4
2011,CHL,3,32000000000,10400000000,0,0.3333333333333333
2011,CHN,116,236100000000,1400000000,50,0.9568965517241379
2011,COL,1,10500000000,10500000000,78,1
2011,CYM,1,2400000000,2400000000,64,1
2011,CYP,1,1000000000,1000000000,59,1
2011,CZE,1,9200000000,9200000000,46,1
2011,DEU,40,183600000000,2900000000,65.5,0.325
2011,DNK,2,6500000000,3250000000,63,0
2011,EGY,7,19000000000,2000000000,56,0.5714285714285714
2011,ESP,11,53000000000,1900000000,65,0.6363636363636364
2011,FRA,12,110100000000,4000000000,71.5,0.3333333333333333
2011,GBR,43,175500000000,2000000000,59,0.7674418604651163
2011,GEO,1,5500000000,5500000000,55,1
2011,HKG,31,150800000000,2500000000,61,0.7419354838709677
2011,IDN,5,17500000000,3600000000,62,0.4
2011,IND,45,203600000000,2100000000,60.5,0.4666666666666667
2011,IRL,3,8200000000,2400000000,60,0.6666666666666666
2011,ISR,8,21600000000,2100000000,64,0.875
2011,ITA,11,42000000000,2400000000,70,0.9090909090909091
2011,JPN,24,68400000000,2150000000,65.5,0.75
2011,KAZ,7,19400000000,3700000000,50,0.8571428571428571
2011,KOR,14,36700000000,2000000000,58,0.07142857142857142
2011,KWT,1,1400000000,1400000000,64,0
2011,LBN,3,7600000000,2800000000,55,0.6666666666666666
2011,MCO,2,19400000000,9700000000,76.5,0
2011,MEX,9,122100000000,4000000000,67,0.4444444444444444
2011,MYS,7,30400000000,4700000000,72,0.8571428571428571
2011,NGA,2,15800000000,7900000000,55,1
2011,NLD,4,8800000000,1800000000,70.5,1
2011,NOR,4,12000000000,2950000000,67,0.75
2011,NZL,2,6900000000,3450000000,53,0.5
2011,PHL,4,11400000000,2250000000,67,0.75
2011,POL,4,8900000000,2200000000,51.5,1
2011,PRT,3,8900000000,2300000000,76,0.3333333333333333
2011,RUS,91,408300000000,1900000000,47,1
2011,SAU,8,54600000000,4750000000,61,0.75
2011,SGP,7,16200000000,1900000000,57,0.7142857142857143
2011,SWE,6,42800000000,3150000000,63,0.3333333333333333
2011,THA,3,12800000000,4300000000,66,0.3333333333333333
2011,TUR,36,61400000000,1350000000,60.5,0.4444444444444444
2011,TWN,13,34400000000,1600000000,58,0.5384615384615384
2011,UKR,8,31900000000,2500000000,45.5,1
2011,USA,395,1463900000000,2000000000,66,0.6962025316455697
2011,VEN,2,7600000000,3800000000,55,0
2011,ZAF,3,15100000000,4800000000,60,0.3333333333333333
2011,NA,112,313500000000,1900000000,62.5,0.6071428571428571
2012,ARE,5,9500000000,1600000000,56,0
2012,ARG,6,17300000000,1750000000,72,0.5
2012,AUS,13,37600000000,2100000000,72.5,0.7692307692307693
2012,AUT,4,18500000000,5000000000,69,0.75
2012,BEL,1,3600000000,3600000000,86,1
2012,BHS,1,3800000000,3800000000,75,1
2012,BRA,33,141900000000,2700000000,64.5,0.5454545454545454
2012,CAN,21,74100000000,2600000000,72.5,0.7142857142857143
2012,CHE,31,116800000000,2700000000,64,0.5161290322580645
2012,CHL,5,40900000000,9300000000,66,0.4
2012,CHN,102,215350000000,1600000000,51,0.9509803921568627
2012,COL,1,12400000000,12400000000,79,1
2012,CYM,1,2400000000,2400000000,65,1
2012,CYP,1,1000000000,1000000000,59,1
2012,CZE,2,9600000000,4800000000,52,1
2012,DEU,45,208500000000,2600000000,68,0.3333333333333333
2012,DNK,3,11100000000,3600000000,64,0.3333333333333333
2012,DOM,1,4200000000,4200000000,66,0
2012,EGY,6,15900000000,2300000000,60.5,0.6666666666666666
2012,ESP,12,61000000000,1800000000,65.5,0.5833333333333334
2012,FIN,1,2000000000,2000000000,55,0
2012,FRA,15,115900000000,3400000000,69.5,0.3333333333333333
2012,GBR,51,196500000000,2400000000,59.5,0.7843137254901961
2012,GEO,1,6400000000,6400000000,56,1
2012,HKG,37,151600000000,2000000000,64,0.7027027027027027
2012,IDN,10,27800000000,1950000000,63,0.5
2012,IND,42,169900000000,2150000000,60,0.42857142857142855
2012,IRL,4,10900000000,2200000000,64.5,0.75
2012,ISR,8,21100000000,1900000000,59,0.875
2012,ITA,12,42100000000,2100000000,70.5,0.8333333333333334
2012,JPN,21,64200000000,2500000000,67,0.7142857142857143
2012,KAZ,5,13400000000,2800000000,58,1
2012,KOR,19,45300000000,1800000000,52,0.10526315789473684
2012,KWT,4,5200000000,1200000000,33,0
2012,LBN,3,7700000000,3000000000,56,0.6666666666666666
2012,MAR,2,3900000000,1950000000,66.5,0.5
2012,MCO,4,36400000000,7400000000,65.5,0.25
2012,MEX,9,123800000000,2000000000,64,0.4444444444444444
2012,MYS,8,32900000000,3750000000,73,0.875
2012,NGA,2,15500000000,7750000000,56,1
2012,NLD,4,7600000000,1750000000,71.5,1
2012,NOR,5,12600000000,2100000000,55,0.8
2012,NZL,1,5700000000,5700000000,56,1
2012,PER,2,4200000000,2100000000,50,0
2012,PHL,6,17800000000,2000000000,75.5,0.8333333333333334
2012,POL,4,8300000000,2150000000,52.5,1
2012,PRT,3,7900000000,2500000000,77,0.3333333333333333
2012,RUS,86,329400000000,1800000000,49,1
2012,SAU,8,50800000000,4050000000,67,0.75
2012,SGP,7,17400000000,2300000000,58,0.7142857142857143
2012,SWE,6,44600000000,3300000000,64,0.3333333333333333
2012,THA,3,14400000000,5500000000,67,0.3333333333333333
2012,TUR,34,54300000000,1300000000,64,0.5294117647058824
2012,TWN,15,34200000000,1700000000,60,0.6666666666666666
2012,UKR,9,33000000000,1900000000,46,1
2012,USA,416,1626800000000,2200000000,66,0.6995192307692307
2012,VEN,1,3400000000,3400000000,46,0
2012,VGB,1,4200000000,4200000000,61,1
2012,ZAF,2,9500000000,4750000000,58,0.5
2012,NA,61,190450000000,1900000000,68,0.639344262295082
2013,AGO,1,2000000000,2000000000,40,0
2013,ARE,8,17950000000,1675000000,59,0.25
2013,ARG,7,18300000000,1500000000,68,0.42857142857142855
2013,AUS,15,36900000000,2100000000,75,0.8666666666666667
2013,AUT,5,22500000000,4800000000,68,0.8
2013,BEL,1,3700000000,3700000000,87,1
2013,BHS,1,4200000000,4200000000,76,1
2013,BRA,35,136100000000,2400000000,65,0.6
2013,CAN,25,82000000000,2000000000,73.5,0.76
2013,CHE,40,167250000000,2850000000,65,0.5
2013,CHL,14,61350000000,3400000000,63,0.21428571428571427
2013,CHN,131,284510000000,1450000000,50,0.9465648854961832
2013,COL,2,19300000000,9650000000,81,1
2013,CYM,1,2400000000,2400000000,66,1
2013,CYP,1,1100000000,1100000000,60,1
2013,CZE,3,13400000000,2000000000,48,1
2013,DEU,46,249950000000,3050000000,68.5,0.34782608695652173
2013,DNK,6,18500000000,2450000000,62.5,0.16666666666666666
2013,DOM,1,4400000000,4400000000,67,0
2013,EGY,6,17150000000,2100000000,61.5,0.6666666666666666
2013,ESP,17,90150000000,1800000000,66,0.47058823529411764
2013,FIN,1,3100000000,3100000000,56,0
2013,FRA,22,133100000000,2600000000,69,0.22727272727272727
2013,GBR,55,227950000000,2600000000,61,0.7090909090909091
2013,GEO,1,5300000000,5300000000,57,1
2013,GGY,1,1500000000,1500000000,60,1
2013,HKG,43,193900000000,2300000000,65.5,0.6744186046511628
2013,IDN,20,44750000000,1600000000,68,0.45
2013,IND,50,175000000000,1950000000,61.5,0.38
2013,IRL,4,11400000000,2200000000,65.5,0.75
2013,ISR,13,30150000000,1800000000,58,0.7692307692307693
2013,ITA,18,62600000000,2000000000,70,0.7777777777777778
2013,JPN,18,55500000000,1850000000,67,0.7222222222222222
2013,KAZ,7,13400000000,2100000000,55,0.8571428571428571
2013,KOR,20,47400000000,1500000000,58,0.2
2013,KWT,4,4950000000,1250000000,67,0
2013,LBN,3,8900000000,3500000000,57,0.6666666666666666
2013,MAR,2,4400000000,2200000000,67.5,0.5
2013,MCO,6,26850000000,4400000000,59.5,0.3333333333333333
2013,MEX,14,144500000000,2450000000,65,0.35714285714285715
2013,MYS,9,36250000000,2800000000,74,0.8888888888888888
2013,NGA,2,20800000000,10400000000,57,1
2013,NLD,4,8700000000,1950000000,72.5,1
2013,NOR,5,15800000000,3000000000,56,0.8
2013,NPL,1,1000000000,1000000000,57,0
2013,NZL,2,6500000000,3250000000,62,0.5
2013,PER,8,19500000000,1850000000,69,0.5
2013,PHL,10,38650000000,2700000000,76,0.7
2013,POL,4,9800000000,2450000000,53.5,1
2013,PRT,3,8549999999.999999,3000000000,78,0.3333333333333333
2013,ROU,1,1100000000,1100000000,58,1
2013,RUS,99,369850000000,1900000000,50,1
2013,SAU,9,56900000000,2600000000,63.5,0.7777777777777778
2013,SGP,15,42250000000,2000000000,62.5,0.5333333333333333
2013,SWE,7,53300000000,3900000000,65,0.42857142857142855
2013,THA,9,36900000000,1850000000,66,0.6666666666666666
2013,TUR,41,71900000000,1400000000,62,0.43902439024390244
2013,TWN,17,37850000000,1750000000,65,0.6470588235294118
2013,UKR,9,30900000000,1700000000,47,1
2013,USA,430,1847050000000,2350000000,66.5,0.7
2013,VEN,2,5400000000,2700000000,50,0.5
2013,VGB,1,4600000000,4600000000,62,1
2013,VNM,1,1500000000,1500000000,44,1
2013,ZAF,6,22000000000,3200000000,64.5,0.5
2013,NA,63,237000000000,2100000000,70,0.7142857142857143
2014,AGO,1,3700000000,3700000000,40,0
2014,ARE,12,30100000000,1800000000,63,0.5
2014,ARG,5,16400000000,1900000000,81,0.4
2014,AUS,23,71550000000,2000000000,69,0.6521739130434783
2014,AUT,5,22800000000,3200000000,69,0.6
2014,BEL,1,4900000000,4900000000,88,1
2014,BHS,1,5000000000,5000000000,77,1
2014,BMU,1,1300000000,1300000000,76,1
2014,BRA,54,145850000000,1675000000,64,0.4444444444444444
2014,CAN,27,98750000000,2100000000,76,0.7037037037037037
2014,CHE,54,225950000000,2900000000,60.5,0.42592592592592593
2014,CHL,11,38650000000,2400000000,65,0.36363636363636365
2014,CHN,162,399200000000,1700000000,51,0.9629629629629629
2014,COL,2,16600000000,8300000000,82,1
2014,CYM,1,2500000000,2500000000,67,1
2014,CYP,1,1200000000,1200000000,61,1
2014,CZE,5,17400000000,1600000000,49,1
2014,DEU,57,271600000000,3400000000,67,0.3508771929824561
2014,DNK,6,26900000000,3850000000,63.5,0.16666666666666666
2014,DOM,1,4000000000,4000000000,68,0
2014,DZA,1,3200000000,3200000000,70,1
2014,EGY,7,20400000000,2400000000,59,0.5714285714285714
2014,ESP,23,118150000000,2100000000,67,0.4782608695652174
2014,FIN,4,6600000000,1100000000,52.5,0
2014,FRA,33,179950000000,2400000000,73.5,0.36363636363636365
2014,GBR,69,293450000000,2400000000,61,0.6956521739130435
2014,GEO,1,5200000000,5200000000,58,1
2014,GGY,1,2400000000,2400000000,61,1
2014,HKG,51,220900000000,2400000000,65,0.6274509803921569
2014,IDN,16,40350000000,1800000000,71.5,0.4375
2014,IND,49,170900000000,1850000000,62,0.40816326530612246
2014,IRL,4,12700000000,2350000000,66.5,0.75
2014,ISR,14,36050000000,2150000000,60,0.7857142857142857
2014,ITA,30,105950000000,2150000000,70,0.6333333333333333
2014,JPN,25,95050000000,2100000000,68,0.76
2014,KAZ,7,12550000000,1700000000,56,0.8571428571428571
2014,KOR,26,58640000000,1450000000,57,0.2692307692307692
2014,KWT,3,3850000000,1300000000,68,0
2014,LBN,3,7700000000,3100000000,58,0.6666666666666666
2014,LTU,1,1000000000,1000000000,46,1
2014,MAC,2,2800000000,1400000000,64,1
2014,MAR,3,5450000000,1400000000,56,0.3333333333333333
2014,MCO,9,40400000000,3100000000,59,0.3333333333333333
2014,MEX,14,137300000000,3800000000,66,0.42857142857142855
2014,MYS,13,42800000000,1800000000,66,0.8461538461538461
2014,NGA,4,33300000000,3550000000,58,0.75
2014,NLD,4,10700000000,2050000000,73.5,1
2014,NOR,6,17400000000,2600000000,56,0.5
2014,NPL,1,1100000000,1100000000,58,0
2014,NZL,2,8250000000,4125000000,63,0.5
2014,OMN,1,1200000000,1200000000,62,1
2014,PER,8,11750000000,1350000000,69,0.5
2014,PHL,9,39100000000,3900000000,79,0.5555555555555556
2014,POL,4,9200000000,2350000000,51.5,1
2014,PRT,3,10600000000,2800000000,79,0.3333333333333333
2014,ROU,1,1200000000,1200000000,59,1
2014,RUS,105,368650000000,1800000000,51,1
2014,SAU,8,50200000000,2750000000,67,0.75
2014,SGP,19,53050000000,2100000000,60,0.5789473684210527
2014,SWE,10,71800000000,4150000000,66,0.3
2014,THA,9,33700000000,1750000000,65.5,0.6666666666666666
2014,TUR,23,41600000000,1550000000,66,0.5217391304347826
2014,TWN,23,50900000000,1900000000,68,0.6956521739130435
2014,TZA,1,1000000000,1000000000,49,1
2014,UGA,1,1100000000,1100000000,58,1
2014,UKR,8,25600000000,1800000000,49,1
2014,USA,485,2317400000000,2600000000,66,0.6948453608247422
2014,VEN,2,5000000000,2500000000,51,0.5
2014,VGB,1,5000000000,5000000000,63,1
2014,VIR,1,2500000000,2500000000,64,1
2014,VNM,1,1600000000,1600000000,45,1
2014,ZAF,7,24100000000,2700000000,63,0.5714285714285714
2014,NA,59,221400000000,1900000000,81,0.5254237288135594
2015,AGO,1,3300000000,3300000000,41,0
2015,ARE,15,41100000000,2200000000,65,0.5333333333333333
2015,ARG,5,15050000000,1900000000,82,0.4
2015,AUS,24,66550000000,1700000000,69.5,0.75
2015,AUT,4,21700000000,4650000000,69,0.75
2015,BEL,2,6200000000,3100000000,69.5,1
2015,BHR,1,1450000000,1450000000,70,0
2015,BHS,1,5400000000,5400000000,78,1
2015,BMU,1,1550000000,1550000000,77,1
2015,BRA,45,129350000000,1800000000,65,0.28888888888888886
2015,CAN,32,111300000000,1900000000,73.5,0.71875
2015,CHE,59,253950000000,2700000000,61.5,0.4406779661016949
2015,CHL,11,37450000000,2500000000,66,0.36363636363636365
2015,CHN,223,590200000000,1550000000,52,0.968609865470852
2015,COL,2,15400000000,7700000000,83,1
2015,CYM,1,2500000000,2500000000,68,1
2015,CYP,1,1100000000,1100000000,62,1
2015,CZE,5,15450000000,1800000000,50,1
2015,DEU,73,297800000000,2449999999.9999995,65.5,0.410958904109589
2015,DNK,5,25700000000,3900000000,66,0.2
2015,DOM,1,3600000000,3600000000,69,0
2015,DZA,1,3100000000,3100000000,71,1
2015,EGY,7,21450000000,2900000000,60,0.5714285714285714
2015,ESP,21,116700000000,2200000000,68,0.5238095238095238
2015,FIN,5,8050000000,1150000000.0000002,56,0
2015,FRA,36,184800000000,1900000000,72,0.4166666666666667
2015,GBR,70,285100000000,2550000000,62,0.7
2015,GEO,1,5200000000,5200000000,59,1
2015,GGY,1,1800000000,1800000000,62,1
2015,GTM,1,1000000000,1000000000,NA,1
2015,HKG,62,258000000000,2150000000,64.5,0.5967741935483871
2015,IDN,19,46950000000,1700000000,66,0.47368421052631576
2015,IND,81,277150000000,1850000000,63,0.38271604938271603
2015,IRL,4,13950000000,2700000000,67.5,0.75
2015,ISR,13,37500000000,3000000000,60,0.7692307692307693
2015,ITA,35,109100000000,1850000000,72.5,0.6285714285714286
2015,JPN,22,92250000000,2225000000,65.5,0.7727272727272727
2015,KAZ,7,15000000000,2100000000,57,0.8571428571428571
2015,KOR,29,76150000000,1650000000.0000002,56,0.27586206896551724
2015,KWT,3,3550000000,1250000000,69,0
2015,LBN,3,8100000000,3300000000,59,0.6666666666666666
2015,LIE,1,2700000000,2700000000,57,0
2015,LTU,1,1000000000,1000000000,47,1
2015,MAR,2,4000000000,2000000000,68,0
2015,MCO,11,65700000000,2200000000,60,0.2727272727272727
2015,MEX,14,138650000000,3400000000,66,0.35714285714285715
2015,MYS,12,38930000000,2225000000,74,0.75
2015,NGA,5,22900000000,2000000000,57,0.8
2015,NLD,7,14400000000,1800000000,73,0.5714285714285714
2015,NOR,8,21150000000,2150000000,60.5,0.375
2015,NPL,1,1300000000,1300000000,59,0
2015,NZL,2,8000000000,4000000000,64,0.5
2015,OMN,1,1200000000,1200000000,63,1
2015,PER,6,8750000000,1425000000,72.5,0.5
2015,PHL,11,51300000000,4400000000,65,0.6363636363636364
2015,POL,4,7500000000,1625000000,52.5,1
2015,PRT,3,8200000000,2000000000,80,0.3333333333333333
2015,ROU,2,2150000000,1075000000,67.5,1
2015,RUS,79,288050000000,2000000000,52,1
2015,SAU,11,53000000000,2100000000,60,0.8181818181818182
2015,SGP,22,61650000000,2050000000,65,0.5909090909090909
2015,SWE,14,70800000000,3350000000,65.5,0.2857142857142857
2015,THA,14,51650000000,1675000000,68,0.6428571428571429
2015,TUR,30,50050000000,1375000000,64.5,0.4666666666666667
2015,TWN,29,65250000000,1650000000.0000002,64,0.6551724137931034
2015,TZA,2,2250000000,1125000000,44.5,0.5
2015,UGA,1,1100000000,1100000000,59,1
2015,UKR,5,11850000000,1300000000,52,1
2015,USA,527,2548050000000,2500000000,65,0.681214421252372
2015,VEN,2,6000000000,3000000000,52,0.5
2015,VGB,1,4800000000,4800000000,64,1
2015,VNM,1,1700000000,1700000000,46,1
2015,ZAF,7,28100000000,2300000000,64,0.7142857142857143
2015,NA,57,199650000000,2400000000,74,0.49122807017543857
2016,AGO,1,3000000000,3000000000,42,0
2016,ARE,16,43000000000,2100000000,64,0.5625
2016,ARG,5,12600000000,2200000000,83,0.4
2016,AUS,22,63000000000,1700000000,68,0.7272727272727273
2016,AUT,5,27100000000,2700000000,69,0.6
2016,BEL,3,7100000000,1200000000,51,0.6666666666666666
2016,BHR,1,1500000000,1500000000,71,0
2016,BHS,1,5300000000,5300000000,79,1
2016,BMU,1,1600000000,1600000000,78,1
2016,BRA,26,85800000000,2200000000,66,0.34615384615384615
2016,CAN,26,86000000000,1700000000,73,0.6923076923076923
2016,CHE,62,227700000000,2200000000,61.5,0.46774193548387094
2016,CHL,10,29000000000,2300000000,68.5,0.4
2016,CHN,263,614200000000,1500000000,52,0.973384030418251
2016,COL,2,10500000000,5250000000,84,1
2016,CYM,1,4500000000,4500000000,69,1
2016,CYP,1,1100000000,1100000000,63,1
2016,CZE,5,17800000000,1900000000,51,1
2016,DEU,91,335300000000,2100000000,65,0.32967032967032966
2016,DNK,5,27800000000,3800000000,67,0.2
2016,DOM,1,2000000000,2000000000,70,0
2016,DZA,1,3100000000,3100000000,72,1
2016,EGY,5,12300000000,2500000000,61,0.6
2016,ESP,22,115100000000,1950000000,68.5,0.45454545454545453
2016,FIN,5,9400000000,1100000000,59,0.2
2016,FRA,30,132100000000,2500000000,68,0.5
2016,GBR,69,258600000000,2300000000,61,0.6956521739130435
2016,GEO,1,4800000000,4800000000,60,1
2016,GGY,1,1900000000,1900000000,63,1
2016,HKG,63,234900000000,2300000000,66,0.5873015873015873
2016,IDN,16,42100000000,1700000000,69.5,0.5625
2016,IND,78,236700000000,1800000000,64,0.4358974358974359
2016,IRL,4,11900000000,2300000000,68.5,0.75
2016,ISR,12,32100000000,2450000000,60,0.75
2016,ITA,38,104900000000,1950000000,72,0.5263157894736842
2016,JPN,25,81500000000,2000000000,67,0.76
2016,KAZ,7,12200000000,1500000000,58,0.8571428571428571
2016,KOR,30,73900000000,1800000000,57.5,0.3333333333333333
2016,LBN,3,6400000000,2500000000,60,0.6666666666666666
2016,LIE,1,2500000000,2500000000,58,0
2016,MAR,2,3200000000,1600000000,69,0
2016,MCO,12,67300000000,2450000000,63,0.3333333333333333
2016,MEX,13,95200000000,2600000000,68,0.3076923076923077
2016,MYS,10,30600000000,1950000000,76.5,0.7
2016,NGA,5,29900000000,1800000000,58,0.8
2016,NLD,8,15600000000,1600000000,72.5,0.5
2016,NOR,9,17300000000,1600000000,57,0.3333333333333333
2016,NPL,1,1100000000,1100000000,60,0
2016,NZL,2,7500000000,3750000000,65,0.5
2016,PER,3,3800000000,1100000000,70,0.3333333333333333
2016,PHL,11,41500000000,3000000000,66,0.6363636363636364
2016,POL,3,7900000000,2500000000,56,0.6666666666666666
2016,PRT,1,2100000000,2100000000,81,0
2016,QAT,1,2000000000,2000000000,68,1
2016,ROU,1,1000000000,1000000000,76,1
2016,RUS,69,237900000000,2300000000,52,1
2016,SAU,7,35800000000,2300000000,65.5,0.7142857142857143
2016,SGP,21,54500000000,1800000000,64,0.5714285714285714
2016,SWE,15,66600000000,2400000000,66,0.3333333333333333
2016,THA,14,42200000000,2100000000,71,0.5714285714285714
2016,TUR,29,43600000000,1300000000,66,0.5517241379310345
2016,TWN,23,47300000000,1400000000,65.5,0.6521739130434783
2016,TZA,1,1100000000,1100000000,40,0
2016,UKR,5,7100000000,1300000000,53,1
2016,USA,533,2377300000000,2400000000,66,0.6735459662288931
2016,VEN,2,5200000000,2600000000,53,0.5
2016,VGB,1,4900000000,4900000000,65,1
2016,VNM,1,1800000000,1800000000,47,1
2016,ZAF,6,21200000000,3350000000,67.5,0.6666666666666666
2016,NA,43,229900000000,3000000000,77,0.4883720930232558
2017,AGO,1,3100000000,3100000000,43,0
2017,ARE,18,56500000000,2250000000,64,0.5
2017,ARG,8,16800000000,1750000000,76.5,0.625
2017,AUS,30,93400000000,1800000000,71,0.7666666666666667
2017,AUT,9,37400000000,2800000000,70,0.4444444444444444
2017,BEL,2,5900000000,2950000000,71.5,0.5
2017,BHR,1,1600000000,1600000000,72,0
2017,BHS,1,5600000000,5600000000,80,1
2017,BMU,1,1800000000,1800000000,79,1
2017,BRA,38,119700000000,2100000000,67,0.34210526315789475
2017,CAN,31,104100000000,1900000000,73,0.7096774193548387
2017,CHE,67,266300000000,2500000000,62,0.5074626865671642
2017,CHL,11,40000000000,2800000000,68,0.36363636363636365
2017,CHN,336,842100000000,1500000000,54,0.9702380952380952
2017,COL,2,13600000000,6800000000,85,1
2017,CYM,1,4500000000,4500000000,70,1
2017,CYP,1,1700000000,1700000000,64,1
2017,CZE,6,23500000000,2300000000,49.5,1
2017,DEU,94,396000000000,2100000000,66,0.3191489361702128
2017,DNK,5,37100000000,3800000000,68,0.2
2017,DOM,1,1400000000,1400000000,71,0
2017,DZA,1,3100000000,3100000000,73,1
2017,EGY,6,16300000000,2250000000,65.5,0.6666666666666666
2017,ESP,25,123700000000,1800000000,70,0.44
2017,FIN,6,11500000000,1650000000,59,0.3333333333333333
2017,FRA,29,154900000000,2600000000,69.5,0.5517241379310345
2017,GBR,74,295100000000,2100000000,62,0.7297297297297297
2017,GEO,1,4500000000,4500000000,61,1
2017,GGY,1,1900000000,1900000000,64,1
2017,HKG,72,286500000000,2000000000,66,0.6527777777777778
2017,IDN,17,44700000000,1700000000,72,0.5294117647058824
2017,IND,90,295000000000,2000000000,65,0.4444444444444444
2017,IRL,4,11100000000,2350000000,69.5,0.75
2017,ISR,13,36500000000,2800000000,62,0.6923076923076923
2017,ITA,37,101300000000,1600000000,71,0.5405405405405406
2017,JPN,31,111200000000,1700000000,69,0.7096774193548387
2017,KAZ,7,14200000000,2100000000,59,0.8571428571428571
2017,KOR,37,91400000000,1600000000,58,0.35135135135135137
2017,KWT,3,4000000000,1300000000,71,0
2017,LBN,2,5200000000,2600000000,66.5,1
2017,LIE,1,2700000000,2700000000,59,0
2017,MAR,3,4500000000,1500000000,59,0.3333333333333333
2017,MCO,11,65600000000,2300000000,61,0.18181818181818182
2017,MEX,14,112500000000,3300000000,69,0.35714285714285715
2017,MYS,11,33200000000,2000000000,75,0.7272727272727273
2017,NGA,3,19600000000,5800000000,63,1
2017,NLD,9,18000000000,1500000000,69,0.4444444444444444
2017,NOR,9,23600000000,2600000000,54,0.4444444444444444
2017,NPL,1,1300000000,1300000000,61,0
2017,NZL,2,10600000000,5300000000,66,0.5
2017,OMN,2,5099999999.999999,2549999999.9999995,78,0.5
2017,PER,5,8400000000,1500000000,71,0.4
2017,PHL,13,42700000000,2500000000,67,0.7692307692307693
2017,POL,4,9900000000,2600000000,54,0.75
2017,PRT,1,2700000000,2700000000,82,0
2017,QAT,2,3700000000,1850000000,63,0.5
2017,ROU,1,1100000000,1100000000,77,1
2017,RUS,87,330600000000,1800000000,53,1
2017,SAU,10,42100000000,2100000000,63,0.9
2017,SGP,25,67800000000,1900000000,66.5,0.6
2017,SVK,1,1100000000,1100000000,49,1
2017,SWE,20,69700000000,2150000000,65,0.3
2017,TCA,1,1600000000,1600000000,71,1
2017,THA,18,60700000000,2000000000,70,0.5
2017,TUR,28,46800000000,1550000000,66.5,0.5714285714285714
2017,TWN,29,69200000000,2000000000,66,0.6896551724137931
2017,TZA,1,1400000000,1400000000,41,0
2017,UKR,6,10600000000,1200000000,52,1
2017,USA,560,2733900000000,2700000000,66,0.6821428571428572
2017,VEN,1,3700000000,3700000000,57,1
2017,VGB,1,5000000000,5000000000,66,1
2017,VNM,2,3600000000,1800000000,47,1
2017,ZAF,8,25900000000,1950000000,68,0.75
2017,NA,33,143000000000,2600000000,80,0.5757575757575758
2018,AGO,1,2600000000,2600000000,44,0
2018,ARE,20,56600000000,2300000000,64.5,0.55
2018,ARG,10,20500000000,1700000000,72,0.6
2018,AUS,36,111300000000,1700000000,70.5,0.7222222222222222
2018,AUT,10,52300000000,3150000000,68.5,0.6
2018,BEL,2,24100000000,12050000000,53,0
2018,BHR,1,1600000000,1600000000,73,0
2018,BHS,1,5000000000,5000000000,81,1
2018,BRA,37,123700000000,2400000000,68,0.3783783783783784
2018,CAN,39,116900000000,1700000000,71,0.7435897435897436
2018,CHE,67,283200000000,2900000000,62,0.5223880597014925
2018,CHL,10,40300000000,2750000000,68.5,0.4
2018,CHN,387,1156300000000,1700000000,54,0.979328165374677
2018,COL,2,14900000000,7450000000,86,1
2018,CYM,2,5800000000,2900000000,74.5,1
2018,CYP,1,1900000000,1900000000,65,1
2018,CZE,6,30100000000,3050000000,50.5,1
2018,DEU,106,502600000000,2450000000,66,0.330188679245283
2018,DNK,9,41600000000,5400000000,60,0.1111111111111111
2018,DOM,1,1100000000,1100000000,72,0
2018,DZA,1,4000000000,4000000000,74,1
2018,EGY,5,16600000000,2700000000,63,0.6
2018,ESP,28,133700000000,2050000000,69,0.4642857142857143
2018,FIN,6,13500000000,2000000000,60,0.3333333333333333
2018,FRA,30,240000000000,2850000000,69,0.5333333333333333
2018,GBR,75,335400000000,2500000000,63,0.7333333333333333
2018,GEO,1,4600000000,4600000000,62,1
2018,GGY,1,2300000000,2300000000,65,1
2018,GRC,1,1100000000,1100000000,85,1
2018,HKG,74,366600000000,2500000000,67,0.6486486486486487
2018,HUN,1,1100000000,1100000000,64,1
2018,IDN,17,63000000000,1700000000,73,0.5882352941176471
2018,IND,111,416200000000,2100000000,65.5,0.4594594594594595
2018,IRL,5,11800000000,2300000000,67,0.8
2018,ISR,15,38200000000,1900000000,64,0.6666666666666666
2018,ITA,35,113300000000,2000000000,72,0.5142857142857142
2018,JPN,33,133800000000,2000000000,70,0.7575757575757576
2018,KAZ,7,18800000000,2600000000,60,0.8571428571428571
2018,KHM,1,3300000000,3300000000,70,1
2018,KOR,43,125700000000,1700000000,59,0.4186046511627907
2018,KWT,3,3800000000,1200000000,72,0
2018,LBN,3,7000000000,2700000000,62,0.6666666666666666
2018,LIE,1,3900000000,3900000000,60,0
2018,MAR,2,3800000000,1900000000,71,0
2018,MCO,12,43100000000,1950000000,62,0.25
2018,MEX,15,136700000000,3400000000,70,0.3333333333333333
2018,MYS,13,44700000000,2500000000,72,0.6153846153846154
2018,NGA,3,20900000000,5300000000,64,1
2018,NLD,8,18200000000,1750000000,66,0.5
2018,NOR,10,28000000000,2200000000,55.5,0.5
2018,NPL,1,1500000000,1500000000,62,0
2018,NZL,2,11400000000,5700000000,67,0.5
2018,OMN,1,3900000000,3900000000,79,1
2018,PER,6,10900000000,1500000000,72,0.5
2018,PHL,12,55300000000,3450000000,74.5,0.75
2018,POL,6,13800000000,2100000000,52.5,0.8333333333333334
2018,PRT,1,5100000000,5100000000,83,0
2018,QAT,2,2800000000,1400000000,64,0.5
2018,ROU,1,1200000000,1200000000,78,1
2018,RUS,91,365500000000,1900000000,54,1
2018,SAU,1,1300000000,1300000000,39,0
2018,SGP,27,78200000000,2000000000,64,0.6296296296296297
2018,SVK,1,1300000000,1300000000,50,1
2018,SWE,21,72700000000,1600000000,66,0.2857142857142857
2018,SYC,1,1000000000,1000000000,73,1
2018,TCA,1,1700000000,1700000000,72,1
2018,THA,28,91400000000,2000000000,66,0.4642857142857143
2018,TUR,34,61300000000,1500000000,63.5,0.6176470588235294
2018,TWN,32,75400000000,1900000000,67,0.65625
2018,TZA,1,1500000000,1500000000,42,0
2018,UKR,7,13200000000,1400000000,54,1
2018,USA,591,3106600000000,2800000000,67,0.6802030456852792
2018,VEN,1,4400000000,4400000000,58,1
2018,VGB,1,5000000000,5000000000,67,1
2018,VNM,4,10500000000,2450000000,53,1
2018,ZAF,5,20900000000,2600000000,65,0.6
2018,NA,21,96300000000,3500000000,85,0.47619047619047616
2019,AGO,1,2300000000,2300000000,45,0
2019,ARE,19,49900000000,2400000000,65,0.5789473684210527
2019,ARG,5,11900000000,1600000000,86,0.6
2019,AUS,33,112700000000,1800000000,72,0.7272727272727273
2019,AUT,10,49500000000,3400000000,69.5,0.6
2019,BEL,3,24800000000,1400000000,54,0.3333333333333333
2019,BHR,1,1500000000,1500000000,74,0
2019,BHS,2,6400000000,3200000000,70.5,1
2019,BRA,53,135200000000,2000000000,65,0.3584905660377358
2019,CAN,37,120100000000,1800000000,69,0.7297297297297297
2019,CHE,65,251800000000,2700000000,63.5,0.5384615384615384
2019,CHL,10,35400000000,2500000000,69.5,0.4
2019,CHN,341,1028000000000,1700000000,55.5,0.9794721407624634
2019,COL,2,13500000000,6750000000,87,1
2019,CYM,2,6600000000,3300000000,75.5,1
2019,CYP,1,1800000000,1800000000,66,1
2019,CZE,7,29200000000,2900000000,54,1
2019,DEU,99,439500000000,2600000000,67.5,0.3434343434343434
2019,DNK,8,32600000000,4700000000,41.5,0
2019,DOM,1,1100000000,1100000000,73,0
2019,DZA,1,3700000000,3700000000,75,1
2019,EGY,5,14300000000,2300000000,64,0.6
2019,ESP,28,117500000000,1750000000,70,0.42857142857142855
2019,FIN,6,11800000000,1450000000,61,0.3333333333333333
2019,FRA,33,276800000000,4099999999.999999,68.5,0.45454545454545453
2019,GBR,70,283900000000,2500000000,63.5,0.7285714285714285
2019,GEO,1,4900000000,4900000000,63,1
2019,GGY,1,2200000000,2200000000,66,1
2019,GRC,1,1700000000,1700000000,86,1
2019,HKG,78,353500000000,2450000000,67,0.5897435897435898
2019,HUN,2,2100000000,1050000000,59,1
2019,IDN,18,68200000000,1650000000,73.5,0.6111111111111112
2019,IND,97,381100000000,2300000000,67,0.4536082474226804
2019,IRL,4,9800000000,2250000000,71.5,0.75
2019,ISR,17,40600000000,1500000000,65,0.7058823529411765
2019,ITA,29,94100000000,2500000000,73,0.5517241379310345
2019,JPN,30,122400000000,1850000000,71.5,0.7
2019,KAZ,7,20900000000,3100000000,61,0.8571428571428571
2019,KHM,1,5000000000,5000000000,71,1
2019,KOR,39,102600000000,1700000000,58,0.4358974358974359
2019,KWT,1,1400000000,1400000000,73,0
2019,LBN,2,5000000000,2500000000,68.5,1
2019,LIE,1,3000000000,3000000000,61,0
2019,MAR,2,3800000000,1900000000,72,0
2019,MCO,17,71800000000,1900000000,64.5,0.35294117647058826
2019,MEX,16,128200000000,2700000000,70.5,0.375
2019,MYS,12,44800000000,2900000000,72,0.75
2019,NGA,4,22300000000,5400000000,63,0.75
2019,NLD,9,16500000000,1400000000,63,0.6666666666666666
2019,NOR,11,27100000000,1700000000,56,0.45454545454545453
2019,NPL,1,1700000000,1700000000,63,0
2019,NZL,2,10200000000,5100000000,68,0.5
2019,OMN,1,3200000000,3200000000,80,1
2019,PER,6,11200000000,1450000000,73,0.5
2019,PHL,17,47700000000,2400000000,66,0.47058823529411764
2019,POL,7,13200000000,1700000000,51,0.7142857142857143
2019,PRT,1,4800000000,4800000000,84,0
2019,QAT,1,1600000000,1600000000,71,1
2019,ROU,1,1200000000,1200000000,79,1
2019,RUS,89,377600000000,1900000000,55,1
2019,SAU,1,1300000000,1300000000,40,0
2019,SGP,27,88800000000,2100000000,65,0.6666666666666666
2019,SVK,2,2600000000,1300000000,50,1
2019,SWE,21,66100000000,2200000000,57,0.38095238095238093
2019,SWZ,1,4900000000,4900000000,87,1
2019,TCA,1,1600000000,1600000000,73,1
2019,THA,29,92600000000,2000000000,68,0.4482758620689655
2019,TUR,23,39700000000,1600000000,64,0.6086956521739131
2019,TWN,36,75900000000,1900000000,69,0.6388888888888888
2019,TZA,1,1900000000,1900000000,43,0
2019,UKR,7,13600000000,1400000000,55,1
2019,URY,1,3100000000,3100000000,74,0
2019,USA,615,3093600000000,2700000000,67,0.6878048780487804
2019,VEN,1,3800000000,3800000000,59,1
2019,VGB,1,4099999999.999999,4099999999.999999,68,1
2019,VNM,5,13600000000,1700000000,50,1
2019,ZAF,5,18700000000,2400000000,68,0.6
2019,NA,7,76100000000,4099999999.999999,78,0.42857142857142855
2020,AGO,1,1400000000,1400000000,46,0
2020,ARE,13,29500000000,2100000000,63,0.38461538461538464
2020,ARG,4,9300000000,2200000000,88.5,0.5
2020,AUS,28,94600000000,1650000000,71.5,0.7142857142857143
2020,AUT,11,50100000000,4400000000,68,0.7272727272727273
2020,BEL,2,25500000000,12750000000,55.5,0
2020,BHR,1,1500000000,1500000000,75,0
2020,BHS,2,5700000000,2850000000,71.5,1
2020,BRA,37,75400000000,1900000000,67,0.3783783783783784
2020,CAN,36,110100000000,1950000000,71,0.6944444444444444
2020,CHE,64,226600000000,2600000000,65,0.546875
2020,CHL,6,18700000000,1500000000,70.5,0.5
2020,CHN,409,1262900000000,1800000000,56,0.9779951100244498
2020,COL,2,10300000000,5150000000,88,1
2020,CYM,2,6300000000,3150000000,76.5,1
2020,CYP,1,1900000000,1900000000,67,1
2020,CZE,6,25200000000,2300000000,55,1
2020,DEU,84,372200000000,2350000000,67.5,0.34523809523809523
2020,DNK,7,40900000000,6100000000,45.5,0
2020,DZA,1,4200000000,4200000000,76,1
2020,EGY,5,15400000000,3000000000,65,0.6
2020,ESP,23,95900000000,1400000000,70,0.391304347826087
2020,FIN,6,11700000000,1300000000,62,0.3333333333333333
2020,FRA,33,256500000000,3300000000,68,0.45454545454545453
2020,GBR,75,282300000000,2500000000,63,0.7066666666666667
2020,GEO,1,4800000000,4800000000,64,1
2020,GGY,1,2100000000,2100000000,67,1
2020,GRC,1,1000000000,1000000000,87,1
2020,HKG,71,321000000000,2500000000,68,0.6056338028169014
2020,HUN,1,1200000000,1200000000,67,1
2020,IDN,12,46400000000,1650000000,74.5,0.5833333333333334
2020,IND,94,299300000000,1800000000,67,0.4574468085106383
2020,IRL,4,8900000000,2300000000,72.5,0.75
2020,ISR,14,36300000000,2000000000,68,0.7142857142857143
2020,ITA,30,80400000000,1900000000,74,0.6333333333333333
2020,JPN,24,106000000000,2650000000,73.5,0.8333333333333334
2020,KAZ,4,12000000000,2800000000,56,0.75
2020,KHM,1,4099999999.999999,4099999999.999999,72,1
2020,KOR,29,71400000000,1500000000,55,0.5862068965517241
2020,KWT,1,1300000000,1300000000,74,0
2020,LBN,2,4300000000,2150000000,69.5,1
2020,LIE,1,3300000000,3300000000,62,0
2020,MAR,1,1000000000,1000000000,59,0
2020,MCO,9,46000000000,6600000000,73,0.3333333333333333
2020,MEX,11,98700000000,4300000000,76,0.45454545454545453
2020,MYS,10,31000000000,2300000000,75,0.6
2020,NGA,3,16800000000,5600000000,62,0.6666666666666666
2020,NLD,10,15900000000,1350000000,68.5,0.7
2020,NOR,9,17700000000,1700000000,58,0.4444444444444444
2020,NPL,1,1400000000,1400000000,64,0
2020,NZL,2,11600000000,5800000000,69,0.5
2020,OMN,1,2100000000,2100000000,81,1
2020,PER,2,5200000000,2600000000,77.5,0
2020,PHL,15,31000000000,1800000000,67,0.4666666666666667
2020,POL,6,12800000000,1850000000,52,0.6666666666666666
2020,PRT,1,3800000000,3800000000,85,0
2020,QAT,1,1200000000,1200000000,72,1
2020,ROU,1,1200000000,1200000000,80,1
2020,RUS,85,328300000000,1800000000,56,1
2020,SGP,31,95300000000,1900000000,65,0.6451612903225806
2020,SVK,2,2500000000,1250000000,51,1
2020,SWE,20,59800000000,1900000000,55,0.4
2020,SWZ,1,2700000000,2700000000,88,1
2020,TCA,1,1700000000,1700000000,74,1
2020,THA,18,63000000000,2300000000,73.5,0.4444444444444444
2020,TUR,22,37100000000,1500000000,70,0.5909090909090909
2020,TWN,32,66200000000,1750000000,70,0.625
2020,TZA,1,1600000000,1600000000,44,0
2020,UKR,6,8000000000,1150000000,55,1
2020,URY,1,2700000000,2700000000,75,0
2020,USA,624,2989100000000,2500000000,67,0.7035256410256411
2020,VEN,1,3400000000,3400000000,60,1
2020,VGB,1,3400000000,3400000000,69,1
2020,VNM,4,10200000000,1800000000,50.5,1
2020,ZAF,4,15400000000,3300000000,68,0.5
2020,NA,7,10800000000,1500000000,29,0
2021,ARE,11,43400000000,2500000000,66,0.45454545454545453
2021,ARG,5,15700000000,2400000000,88,0.6
2021,ARM,1,1000000000,1000000000,52,1
2021,AUS,38,171300000000,2300000000,71,0.6842105263157895
2021,AUT,13,67900000000,3600000000,68,0.6923076923076923
2021,BEL,3,37800000000,1500000000,57,0.3333333333333333
2021,BHR,1,1400000000,1400000000,76,0
2021,BHS,2,6900000000,3450000000,72.5,1
2021,BMU,2,5000000000,2500000000,77,0
2021,BRA,57,159400000000,2200000000,64,0.38596491228070173
2021,CAN,45,161100000000,2100000000,69.5,0.6666666666666666
2021,CHE,68,300100000000,2950000000,66,0.5441176470588235
2021,CHL,8,40300000000,2450000000,71.5,0.5
2021,CHN,660,2706400000000,2000000000,56,0.9757575757575757
2021,COL,2,13300000000,6650000000,89,1
2021,CYM,2,7100000000,3550000000,77.5,1
2021,CZE,10,38700000000,2350000000,55.5,1
2021,DEU,117,533400000000,2800000000,65,0.3504273504273504
2021,DNK,11,62800000000,8199999999.999999,42.5,0.18181818181818182
2021,DZA,1,4800000000,4800000000,77,1
2021,EGY,5,16600000000,2500000000,66,0.6
2021,ESP,30,137900000000,1650000000,71,0.4
2021,FIN,7,16500000000,1600000000,62,0.2857142857142857
2021,FRA,34,411200000000,4250000000,69,0.47058823529411764
2021,GBR,86,410200000000,2450000000,63,0.7325581395348837
2021,GEO,1,4800000000,4800000000,65,1
2021,GGY,1,2600000000,2600000000,68,1
2021,GRC,1,1400000000,1400000000,88,1
2021,HKG,79,443200000000,3000000000,68,0.620253164556962
2021,HUN,2,2700000000,1350000000,61.5,1
2021,IDN,18,75100000000,1700000000,73.5,0.7222222222222222
2021,IND,132,577300000000,2250000000,68,0.44696969696969696
2021,IRL,4,11700000000,2450000000,73.5,0.75
2021,ISR,21,51200000000,1700000000,65,0.6666666666666666
2021,ITA,46,150700000000,2000000000,69.5,0.5
2021,JPN,48,221000000000,1650000000,68,0.7708333333333334
2021,KAZ,7,22200000000,3200000000,53,0.8571428571428571
2021,KHM,1,4600000000,4600000000,73,1
2021,KOR,44,123300000000,1500000000,57.5,0.4772727272727273
2021,LBN,2,5000000000,2500000000,70.5,1
2021,LIE,1,5500000000,5500000000,63,0
2021,MAR,2,3200000000,1600000000,74,0
2021,MCO,15,62900000000,2300000000,66,0.3333333333333333
2021,MEX,13,136100000000,3100000000,73,0.46153846153846156
2021,MYS,16,51800000000,2450000000,71,0.6875
2021,NGA,3,22500000000,6100000000,63,0.6666666666666666
2021,NLD,11,27100000000,2000000000,66,0.7272727272727273
2021,NOR,9,27900000000,2600000000,58,0.4444444444444444
2021,NPL,1,1400000000,1400000000,65,0
2021,NZL,2,9800000000,4900000000,70,0.5
2021,OMN,1,2300000000,2300000000,82,1
2021,PER,6,11400000000,1300000000,75,0.5
2021,PHL,17,45600000000,2700000000,68,0.47058823529411764
2021,POL,7,18700000000,3200000000,58,0.8571428571428571
2021,PRT,1,4700000000,4700000000,86,0
2021,QAT,2,2900000000,1450000000,67,0.5
2021,ROU,1,1700000000,1700000000,81,1
2021,RUS,97,484800000000,2400000000,57,1
2021,SGP,34,161500000000,2300000000,66,0.6764705882352942
2021,SVK,2,2900000000,1450000000,52,1
2021,SWE,28,116800000000,2750000000,52.5,0.5
2021,SWZ,1,4700000000,4700000000,89,1
2021,TCA,1,2100000000,2100000000,75,1
2021,THA,29,102600000000,2100000000,70,0.5172413793103449
2021,TUR,26,53200000000,1800000000,66,0.6153846153846154
2021,TWN,40,103600000000,2200000000,71,0.65
2021,TZA,1,1600000000,1600000000,45,0
2021,UKR,7,18900000000,1800000000,57,1
2021,URY,1,3300000000,3300000000,76,0
2021,USA,730,4453800000000,2850000000,66,0.7232876712328767
2021,VGB,1,4800000000,4800000000,70,1
2021,VNM,6,16700000000,1900000000,54.5,1
2021,ZAF,5,22100000000,3000000000,70,0.6
2021,NA,11,26600000000,1700000000,55.5,0.5454545454545454
2022,AND,1,1300000000,1300000000,78,0
2022,ARE,12,128000000000,2650000000,65,0.5833333333333334
2022,ARG,6,16000000000,2600000000,87.5,0.6666666666666666
2022,AUS,41,193500000000,2200000000,70,0.7073170731707317
2022,AUT,12,69500000000,4000000000,67,0.6666666666666666
2022,BEL,3,38500000000,1200000000,58,0.3333333333333333
2022,BHR,1,1500000000,1500000000,77,0
2022,BHS,4,37500000000,5650000000,46,1
2022,BMU,2,4500000000,2250000000,78,0
2022,BRA,53,144800000000,1900000000,66.5,0.37735849056603776
2022,CAN,45,174600000000,2100000000,71,0.7333333333333333
2022,CHE,75,343500000000,3100000000,65,0.56
2022,CHL,6,35700000000,3050000000,74.5,0.5
2022,CHN,570,2143650000000,1900000000,57,0.968421052631579
2022,COL,1,9900000000,9900000000,89,1
2022,CYM,3,10800000000,3600000000,75,0.6666666666666666
2022,CYP,4,9000000000,1950000000,63.5,0.5
2022,CZE,8,37200000000,3050000000,55.5,0.875
2022,DEU,112,498900000000,2500000000,65,0.32142857142857145
2022,DNK,10,58300000000,7700000000,46,0.2
2022,DZA,1,5100000000,5100000000,78,1
2022,EGY,4,13700000000,2450000000,64,0.5
2022,ESP,25,113400000000,1900000000,72,0.4
2022,FIN,7,12600000000,1500000000,63,0.2857142857142857
2022,FRA,34,454600000000,3750000000,70,0.47058823529411764
2022,GBR,88,400100000000,2600000000,64,0.7386363636363636
2022,GEO,1,4800000000,4800000000,66,1
2022,GGY,1,2500000000,2500000000,69,1
2022,GRC,1,1400000000,1400000000,89,1
2022,HKG,68,335500000000,3000000000,69.5,0.6617647058823529
2022,HUN,2,2500000000,1250000000,62.5,1
2022,IDN,27,103800000000,1900000000,72,0.6666666666666666
2022,IND,158,722000000000,2200000000,69,0.46835443037974683
2022,IRL,4,11400000000,2750000000,74.5,0.75
2022,ISR,24,63600000000,1950000000,65,0.7083333333333334
2022,ITA,49,155600000000,2100000000,70,0.46938775510204084
2022,JPN,38,150700000000,1850000000,74.5,0.8157894736842105
2022,KAZ,7,21700000000,2800000000,54,0.8571428571428571
2022,KHM,1,2600000000,2600000000,74,1
2022,KOR,43,119900000000,1900000000,55,0.5813953488372093
2022,LBN,2,6400000000,3200000000,71.5,1
2022,LIE,1,2300000000,2300000000,64,0
2022,MAR,2,3300000000,1650000000,75,0
2022,MCO,13,61700000000,2300000000,68,0.3076923076923077
2022,MEX,14,158100000000,3250000000,69,0.42857142857142855
2022,MYS,15,48300000000,2000000000,73,0.7333333333333333
2022,NGA,3,28200000000,7300000000,64,0.6666666666666666
2022,NLD,10,22800000000,2000000000,70.5,0.7
2022,NOR,10,30400000000,1950000000,59.5,0.5
2022,NPL,1,1500000000,1500000000,66,0
2022,NZL,3,12000000000,1500000000,66,0.6666666666666666
2022,OMN,1,2500000000,2500000000,83,1
2022,PER,3,7800000000,1500000000,62,0
2022,PHL,17,43200000000,2100000000,68,0.5294117647058824
2022,POL,5,17600000000,3300000000,59,1
2022,PRT,1,4700000000,4700000000,87,0
2022,QAT,2,3300000000,1650000000,68,0.5
2022,ROU,3,4100000000,1500000000,55,1
2022,RUS,64,242600000000,1700000000,57.5,1
2022,SGP,35,119900000000,2300000000,67,0.6857142857142857
2022,SVK,2,3000000000,1500000000,53,1
2022,SWE,32,113300000000,2200000000,53,0.59375
2022,SWZ,1,5300000000,5300000000,90,1
2022,TCA,1,2200000000,2200000000,76,1
2022,THA,27,94700000000,2000000000,71.5,0.5555555555555556
2022,TUR,23,38400000000,1500000000,66,0.5652173913043478
2022,TWN,42,121400000000,2350000000,72,0.5714285714285714
2022,TZA,1,1500000000,1500000000,46,0
2022,UKR,6,10800000000,1300000000,58.5,1
2022,URY,3,4900000000,1500000000,58,0.6666666666666666
2022,USA,749,4756000000000,2900000000,66,0.7356475300400535
2022,VGB,1,4700000000,4700000000,71,1
2022,VNM,7,21200000000,2900000000,58,1
2022,ZAF,5,25000000000,3300000000,71,0.6
2022,NA,11,28700000000,1700000000,53,0.36363636363636365
2023,AND,1,1500000000,1500000000,79,0
2023,ARE,17,99400000000,3200000000,68,0.5882352941176471
2023,ARG,5,13700000000,2700000000,81.5,0.8
2023,ARM,1,1200000000,1200000000,54,1
2023,AUS,43,173500000000,2000000000,70,0.6744186046511628
2023,AUT,11,75400000000,5400000000,59,0.6363636363636364
2023,BEL,3,41200000000,1200000000,59,0.3333333333333333
2023,BHR,1,1500000000,1500000000,78,0
2023,BHS,2,8200000000,4100000000,74.5,1
2023,BMU,2,4600000000,2300000000,79,0
2023,BRA,44,104800000000,1800000000,68,0.38636363636363635
2023,CAN,42,173900000000,2200000000,72,0.7142857142857143
2023,CHE,78,409900000000,3100000000,63,0.5641025641025641
2023,CHL,6,36400000000,3100000000,75.5,0.5
2023,CHN,522,1800600000000,1900000000,58,0.9674329501915708
2023,COL,1,6400000000,6400000000,90,1
2023,CYM,3,10900000000,3900000000,76,0.6666666666666666
2023,CYP,5,9600000000,2100000000,49,1
2023,CZE,7,42800000000,4099999999.999999,58,0.8571428571428571
2023,DEU,102,462100000000,2650000000,66,0.30392156862745096
2023,DNK,7,40900000000,6700000000,50,0
2023,DZA,1,4600000000,4600000000,79,1
2023,EGY,4,13500000000,2400000000,65,0.5
2023,ESP,25,133700000000,2100000000,72.5,0.4
2023,FIN,7,14000000000,1700000000,64,0.2857142857142857
2023,FRA,36,501600000000,4149999999.9999995,69,0.4166666666666667
2023,GBR,83,366700000000,2700000000,63,0.7108433734939759
2023,GEO,1,4900000000,4900000000,67,1
2023,GGY,1,2300000000,2300000000,70,1
2023,GRC,3,9100000000,1900000000,70,0.3333333333333333
2023,HKG,68,321500000000,2700000000,70,0.6470588235294118
2023,HUN,3,3900000000,1200000000,57,1
2023,IDN,25,123900000000,1900000000,73,0.6
2023,IND,160,637100000000,2100000000,68,0.425
2023,IRL,4,9600000000,2400000000,75.5,0.75
2023,ISR,26,72500000000,1950000000,66,0.7307692307692307
2023,ITA,56,159600000000,2500000000,69,0.42857142857142855
2023,JPN,38,146800000000,1700000000,75,0.7631578947368421
2023,KAZ,7,26300000000,3700000000,55,0.8571428571428571
2023,KHM,1,2800000000,2800000000,75,1
2023,KOR,31,84800000000,1700000000,56,0.45161290322580644
2023,LBN,2,5600000000,2800000000,72.5,1
2023,LIE,1,2300000000,2300000000,65,0
2023,LUX,1,3500000000,3500000000,61,0
2023,LVA,1,4200000000,4200000000,68,1
2023,MAR,2,2800000000,1400000000,76,0
2023,MCO,17,68000000000,2000000000,65,0.35294117647058826
2023,MEX,14,168900000000,3600000000,70,0.42857142857142855
2023,MYS,12,34400000000,1650000000,71,0.5
2023,NGA,3,28500000000,8199999999.999999,65,0.6666666666666666
2023,NLD,10,24700000000,1800000000,71.5,0.7
2023,NOR,9,27100000000,2100000000,60,0.4444444444444444
2023,NPL,1,1800000000,1800000000,67,0
2023,NZL,2,10100000000,5050000000,64,1
2023,OMN,1,2700000000,2700000000,84,1
2023,PER,2,2500000000,1250000000,80.5,0
2023,PHL,14,41400000000,2400000000,69,0.35714285714285715
2023,POL,5,18300000000,4000000000,60,1
2023,PRT,1,4700000000,4700000000,88,0
2023,QAT,2,3000000000,1500000000,69,0.5
2023,ROU,3,4800000000,1700000000,56,1
2023,RUS,80,363600000000,2550000000,58,1
2023,SGP,48,144200000000,2150000000,68,0.625
2023,SVK,2,3100000000,1550000000,54,1
2023,SWE,26,90900000000,2150000000,54,0.5
2023,SWZ,1,6500000000,6500000000,91,1
2023,TCA,1,2000000000,2000000000,77,1
2023,THA,28,100700000000,1950000000,73,0.5
2023,TUR,25,55700000000,1900000000,67,0.56
2023,TWN,43,117900000000,2100000000,73,0.6046511627906976
2023,TZA,1,1500000000,1500000000,47,0
2023,UKR,6,12600000000,1350000000,59.5,1
2023,URY,1,1800000000,1800000000,78,0
2023,USA,754,4575100000000,2900000000,67,0.7161803713527851
2023,UZB,1,14400000000,14400000000,69,1
2023,VGB,1,3400000000,3400000000,72,1
2023,VNM,6,12600000000,1650000000,56.5,1
2023,ZAF,5,25600000000,2700000000,72,0.6
2023,NA,25,58200000000,1600000000,57,0.28
2024,AND,1,1500000000,1500000000,80,0
2024,ARE,18,138700000000,3400000000,70,0.5555555555555556
2024,ARG,5,20200000000,3900000000,82.5,0.8
2024,ARM,1,1100000000,1100000000,55,1
2024,AUS,45,201800000000,2200000000,71,0.6888888888888889
2024,AUT,8,77000000000,5600000000,59,0.5
2024,BEL,7,58600000000,3000000000,60,0.2857142857142857
2024,BHR,1,1500000000,1500000000,79,0
2024,BHS,1,2200000000,2200000000,64,1
2024,BMU,2,4900000000,2450000000,80,0
2024,BRA,60,154900000000,1800000000,67.5,0.35
2024,CAN,44,210700000000,2500000000,73,0.7272727272727273
2024,CHE,86,496400000000,3400000000,64,0.5697674418604651
2024,CHL,5,34900000000,2600000000,78,0.4
2024,CHN,427,1401300000000,1700000000,60,0.9695550351288056
2024,COL,1,7300000000,7300000000,91,1
2024,CYM,3,11700000000,4700000000,77,0.6666666666666666
2024,CYP,6,10600000000,1650000000,53.5,1
2024,CZE,7,44100000000,3500000000,59,0.8571428571428571
2024,DEU,110,505700000000,2650000000,62,0.2909090909090909
2024,DNK,8,49100000000,6500000000,60,0
2024,DZA,1,2500000000,2500000000,80,1
2024,EGY,4,15100000000,2550000000,66,0.5
2024,ESP,27,175400000000,2200000000,71.5,0.37037037037037035
2024,FIN,7,14900000000,1900000000,65,0.2857142857142857
2024,FRA,46,574400000000,2900000000,69,0.391304347826087
2024,GBR,83,416300000000,2700000000,66,0.7108433734939759
2024,GEO,1,4900000000,4900000000,68,1
2024,GGY,1,2600000000,2600000000,71,1
2024,GRC,6,15900000000,1950000000,71,0.6666666666666666
2024,HKG,74,326000000000,2400000000,72,0.6486486486486487
2024,HUN,5,6800000000,1300000000,60,1
2024,IDN,29,182300000000,1900000000,74,0.6551724137931034
2024,IND,191,905600000000,2500000000,70,0.41361256544502617
2024,IRL,4,10400000000,2700000000,76.5,0.75
2024,ISR,32,85600000000,1700000000,66,0.78125
2024,ITA,61,190300000000,2400000000,70,0.3770491803278688
2024,JPN,40,177300000000,1500000000,75,0.7
2024,KAZ,7,30600000000,5000000000,56,0.8571428571428571
2024,KOR,38,105000000000,1550000000,57.5,0.47368421052631576
2024,LBN,2,5600000000,2800000000,73.5,1
2024,LIE,1,1500000000,1500000000,66,0
2024,LUX,1,4700000000,4700000000,62,0
2024,LVA,1,4300000000,4300000000,69,1
2024,MAR,2,3100000000,1550000000,77,0
2024,MCO,19,91000000000,2200000000,67,0.42105263157894735
2024,MEX,20,196500000000,3250000000,71,0.3
2024,MYS,10,31300000000,2300000000,72,0.4
2024,NGA,4,26700000000,5950000000,64.5,0.75
2024,NLD,11,27500000000,2000000000,69,0.7272727272727273
2024,NOR,9,30200000000,2300000000,61,0.4444444444444444
2024,NPL,1,1800000000,1800000000,68,0
2024,NZL,2,11900000000,5950000000,65,1
2024,OMN,1,2100000000,2100000000,85,1
2024,PHL,16,49200000000,2350000000,70,0.5
2024,POL,5,20800000000,4500000000,61,1
2024,PRT,1,5700000000,5700000000,89,0
2024,QAT,2,3500000000,1750000000,70,0.5
2024,ROU,3,5500000000,2000000000,57,1
2024,RUS,95,425300000000,2200000000,58,0.9894736842105263
2024,SGP,53,198900000000,1700000000,68,0.5660377358490566
2024,SVK,2,3400000000,1700000000,55,1
2024,SWE,28,111700000000,2350000000,53,0.42857142857142855
2024,SWZ,1,7200000000,7200000000,92,1
2024,TCA,1,2000000000,2000000000,78,1
2024,THA,26,84700000000,1800000000,73.5,0.5
2024,TUR,26,53800000000,1900000000,66.5,0.5
2024,TWN,44,132000000000,1950000000,73,0.5681818181818182
2024,TZA,1,1800000000,1800000000,48,0
2024,UKR,5,9400000000,1200000000,60,1
2024,URY,3,7100000000,1100000000,60,0.6666666666666666
2024,USA,834,5829300000000,3100000000,68,0.7134292565947242
2024,UZB,1,13400000000,13400000000,70,1
2024,VGB,1,2100000000,2100000000,73,1
2024,VNM,6,13900000000,2150000000,57.5,1
2024,ZAF,6,29400000000,2650000000,73.5,0.6666666666666666
2024,NA,34,85200000000,1850000000,61,0.47058823529411764
