lam_id,ryhma,d_yli6_ennen,d_yli6_jalkeen,d_ka_ennen,d_ka_jalkeen,muutos_yli6,muutos_ka,kam_m,raja,epavakaa
11,KehaI,-3.56,-4.34,-0.74,-1.27,-0.78,-0.54,25,60,FALSE
145,KehaI,-0.05,-14.05,-0.09,-10.85,-14,-10.77,52,80,FALSE
10,KehaI,4.84,2.76,0.97,0.8,-2.07,-0.17,61,70,TRUE
146,KehaI,-1.33,-8.72,-0.21,-4.67,-7.4,-4.45,208,80,FALSE
116,KehaI,-4.49,-6.09,-0.94,-1.28,-1.6,-0.33,300,70,FALSE
149,KehaI,-0.31,-2.15,0.02,-0.56,-1.84,-0.58,437,80,FALSE
126,KehaI,-3.43,-4.2,-1.17,-1.84,-0.77,-0.67,544,80,FALSE
147,KehaI,-0.56,-22.47,-0.1,-11.85,-21.91,-11.75,666,80,TRUE
118,KehaI,-1.79,-1.62,-0.31,-0.3,0.17,0.01,1431,60,FALSE
12,verrokki,1.36,5.96,0.83,1.41,4.6,0.58,628,80,TRUE
153,verrokki,-2.91,-2.42,-0.53,-0.46,0.48,0.07,649,80,TRUE
164,verrokki,-40.43,-44.22,-10.18,-10.9,-3.8,-0.72,768,60,FALSE
131,verrokki,0.33,-2.44,-0.07,-0.64,-2.76,-0.57,1434,80,FALSE
154,verrokki,1.84,5.83,0.85,3.02,3.99,2.17,1704,100,FALSE
109,verrokki,15.94,24.43,7.21,12.29,8.49,5.07,2102,100,FALSE
119,verrokki,-1.7,1.71,-0.58,1.22,3.41,1.8,2149,120,FALSE
125,verrokki,-0.16,-0.65,0.05,-0.49,-0.49,-0.53,2488,80,FALSE
101,verrokki,-2.34,-2.65,-0.43,-0.23,-0.31,0.2,2790,80,FALSE
