lam_id,suunta,kaista,havainnot,ka,p85
10,1,1,45947,71.9,79
10,1,2,332669,68.9,74
10,1,3,228350,72.7,78
10,2,4,238116,66.9,73
10,2,5,142269,66.3,73
10,2,6,100992,66.2,73
11,1,1,287789,57.5,62
11,1,2,293937,59,63
11,2,3,290586,64,70
11,2,4,367641,61,66
116,1,1,275335,68.8,75
116,1,2,382956,70.5,77
116,1,3,369850,76.6,83
116,2,4,360893,76.3,82
116,2,5,444941,70.6,77
116,2,6,441028,70.5,77
118,1,1,68409,58.7,66
118,1,2,388094,62.2,68
118,1,3,326246,64,70
118,1,4,56317,71.4,79
118,1,5,98050,64.1,71
118,2,6,321034,70.3,77
118,2,7,344255,69.6,76
118,2,8,215790,70.8,78
126,1,1,417041,79.6,86
126,1,2,408263,78.7,86
126,1,3,400217,85,91
126,2,4,403183,81.6,88
126,2,5,387349,75,82
126,2,6,439573,74.8,82
145,1,1,394852,75.1,83
145,1,2,391239,77.4,85
145,1,3,381828,83.8,91
145,2,4,405151,80.6,87
145,2,5,418196,75.1,82
145,2,6,400878,77.3,85
145,2,7,11564,67.6,81
146,1,1,378571,77.3,84
146,1,2,370920,76.6,84
146,1,3,372171,83.3,90
146,2,4,379458,87,93
146,2,5,369303,80.5,86
146,2,6,384953,80.4,86
147,1,1,314414,80.4,89
147,1,2,188362,76.5,85
147,1,3,411234,78.5,85
147,1,4,380487,83.6,90
147,2,5,353469,83.5,91
147,2,6,343973,78.4,86
147,2,7,436996,79.1,87
147,2,8,266432,78.2,86
148,1,1,402298,80.3,86
148,1,2,409545,85.9,91
148,2,3,403097,85,91
148,2,4,379579,78.6,85
149,1,1,420377,75.7,84
149,1,2,408787,79.3,88
149,2,3,417072,81.6,90
149,2,4,360165,75.8,83
