pvm,pisteita_KehaI,pisteita_verrokki,p_yli6_KehaI,p_yli6_verrokki,p_ka_KehaI,p_ka_verrokki,DiD_yli6,vpv,p116_yli6,p116_ka
2026-07-27,7,7,-2.75,-4.32,-0.6,-0.63,1.57,ma,-3.99,-0.75
2026-07-28,7,7,-2.53,-4.15,-0.53,-0.63,1.62,ti,-3.5,-0.61
2026-07-29,7,7,-2.64,-3.8,-0.75,-0.35,1.16,ke,-3.97,-0.74
2026-07-30,7,7,-2.03,-3.45,-0.54,-0.39,1.42,to,-3.08,-0.64
2026-07-31,7,7,-3.36,-4.14,-0.98,-0.69,0.78,pe,-5.2,-1.26
2026-08-03,7,7,-0.71,-2.36,-0.07,0.05,1.65,ma,-2.69,-0.35
2026-08-04,7,7,-0.69,-1.69,-0.41,0.29,1,ti,-2.5,-0.33
2026-08-05,7,7,-0.29,-1.99,-0.1,0.05,1.7,ke,-1.45,-0.17
2026-08-06,7,7,-0.69,-1.66,-0.14,0.36,0.97,to,-2.93,-0.47
2026-08-07,7,7,-0.5,-1.56,-0.05,0.39,1.06,pe,-1.52,-0.23
2026-08-10,7,7,-3.61,-6.05,-0.88,-1.15,2.44,ma,-5.56,-1.34
2026-08-11,7,7,-2.52,-3.92,-0.64,-0.41,1.4,ti,-5.31,-1.46
2026-08-12,7,7,-2.22,-3.48,-0.42,-0.16,1.26,ke,-4.11,-1.1
2026-08-13,7,7,-1.83,-2.91,-0.25,0.08,1.08,to,-4.32,-0.86
2026-08-14,7,7,-1.33,-1.95,-0.25,0.28,0.62,pe,-3.65,-0.77
2026-08-17,7,7,-2.64,-3.51,-0.88,-0.42,0.87,ma,-3.79,-1.07
2026-08-18,7,7,-3.33,-4,-1.14,-0.38,0.67,ti,-5.17,-1.02
2026-08-20,7,7,-4.21,-5.8,-1.52,-1.05,1.59,to,-7.06,-1.95
2026-08-21,7,7,-3.59,-3.84,-1.26,-0.46,0.25,pe,-5.97,-1.49
2026-08-24,7,7,-2.17,-2.35,-0.41,0.73,0.18,ma,-3.57,-0.62
2026-08-25,7,7,-3.54,-2.37,-1.86,0.66,-1.17,ti,-4.59,-1.47
2026-08-26,7,7,-4.44,-1.86,-2.83,0.86,-2.58,ke,-5,-1.37
2026-08-27,7,7,-4.78,-1.82,-2.91,0.96,-2.96,to,-4.92,-1.27
2026-08-28,7,7,-4.26,-0.65,-2.47,1.33,-3.61,pe,-3.57,-0.62
2026-08-31,7,7,-7.08,-5.43,-3.48,-0.62,-1.65,ma,-7.17,-1.47
2026-09-01,7,7,-5.02,-1.63,-2.86,0.58,-3.39,ti,-4.39,-0.84
2026-09-02,7,7,-5.16,-2.29,-2.82,0.28,-2.87,ke,-4.29,-0.79
2026-09-03,7,7,-5.14,-1.12,-2.96,1,-4.02,to,-4.92,-0.91
2026-09-04,7,7,-5.21,-0.6,-2.89,1.1,-4.61,pe,-4.82,-0.94
2026-09-07,7,7,-4.74,-1.2,-2.47,1.18,-3.54,ma,-4.08,-0.68
2026-09-08,7,7,-6.74,-3.66,-3.1,0.16,-3.08,ti,-7.78,-1.54
2026-09-09,7,7,-6.3,-4.42,-3.21,0.15,-1.88,ke,-7.74,-1.53
2026-09-10,7,7,-6.29,-3.26,-3.13,0.51,-3.03,to,-6.62,-1.35
2026-09-11,7,7,-5.16,-1.61,-2.51,1.07,-3.55,pe,-5.19,-1.1
2026-09-14,7,7,-3.22,-0.43,-1.61,1.65,-2.79,ma,-2.31,-0.32
2026-09-15,7,7,-3.43,-0,-2.03,1.89,-3.43,ti,-3.26,-0.53
2026-09-16,7,6,-6.05,-3.89,-2.71,0.8,-2.16,ke,-7.92,-1.79
2026-09-17,7,6,-4.33,-0.87,-2.25,1.92,-3.46,to,-5.3,-1.07
2026-09-18,7,6,-5.55,-2.9,-2.62,1.31,-2.65,pe,-6.25,-1.33
2026-09-21,7,6,-6.14,-3.4,-2.68,0.65,-2.74,ma,-5.87,-1.23
2026-09-22,7,6,-6.64,-3.2,-2.92,0.56,-3.44,ti,-7.08,-1.49
2026-09-23,7,6,-7.44,-3.36,-3.53,0.41,-4.08,ke,-8.26,-2.19
2026-09-24,7,6,-8.55,-4.5,-4.7,-0.04,-4.05,to,-8.62,-2.13
2026-09-25,7,6,-9.46,-6.84,-4.88,-1.1,-2.62,pe,-9.75,-2.26
