pvm,ka_KehaI,ka_verrokki,p85_KehaI,p85_verrokki,yli6_KehaI,yli6_verrokki,vpv,ka116,p85_116,yli6_116
2026-08-10,75.03,88.25,85,105,23.8,34.25,ma,71.35,79,27.18
2026-08-11,75.2,88.81,85,106,25.2,36.03,ti,71.22,79,27.43
2026-08-12,75.51,88.95,86,106,25.74,36.41,ke,71.59,79,28.63
2026-08-13,75.65,89.34,86,106,25.99,37.57,to,71.82,79,28.41
2026-08-14,75.86,89.56,86,107,26.69,38.52,pe,71.91,79,29.09
2026-08-17,75.15,88.92,85,106,25.47,37.13,ma,71.7,79,29.24
2026-08-18,74.77,89.03,85,106,24.91,36.86,ti,71.75,79,27.86
2026-08-20,74.3,88.39,85,105,24.09,34.97,to,70.82,79,25.97
2026-08-21,74.89,89.08,85,106,24.55,36.88,pe,71.28,79,27.06
2026-08-24,75.52,88.76,85,106,25.26,36.35,ma,72.11,79,29.18
2026-08-25,72.57,88.69,84,106,21.57,36.84,ti,71.26,79,28.16
2026-08-26,71.78,88.87,83,106,20.75,37.4,ke,71.37,79,27.74
2026-08-27,71.73,89.12,83,106,20.66,37.21,to,71.47,79,27.83
2026-08-28,72.31,89.44,84,106,20.85,38.23,pe,72.11,79,29.18
2026-08-31,71.26,87.74,83,104,18.53,33.39,ma,71.27,78,25.8
2026-09-01,71.92,88.97,83,106,20.52,37.17,ti,71.9,79,28.58
2026-09-02,71.9,88.93,83,106,20.43,36.91,ke,71.95,79,28.68
2026-09-03,71.74,89.22,83,106,20.28,37.77,to,71.84,79,28.05
2026-09-04,71.93,89.25,83,106,20.15,37.86,pe,71.81,79,28.15
2026-09-07,72.26,89.09,83,106,20.33,36.86,ma,72.1,79,28.96
2026-09-08,71.53,88.1,83,105,18.5,34.53,ti,71.24,78,25.26
2026-09-09,71.33,88.09,83,105,19.08,33.79,ke,71.25,78,25.3
2026-09-10,71.39,88.44,83,106,18.95,34.86,to,71.42,79,26.41
2026-09-11,72.32,88.92,83,106,20.04,36.66,pe,71.68,79,27.84
2026-09-14,72.42,89,83,106,19.34,36,ma,72.2,79,29.24
2026-09-15,72.13,89.15,83,106,19.4,36.92,ti,71.98,79,28.28
2026-09-16,71.19,88.12,82,105,17.63,33.6,ke,70.73,78,23.63
2026-09-17,71.87,89.16,83,107,18.92,36.55,to,71.44,78,26.24
2026-09-18,71.54,88.56,82,105,17.63,34.5,pe,71.19,78,25.3
2026-09-21,71.93,88.73,83,106,18.33,35.35,ma,71.56,79,26.85
2026-09-22,71.57,88.55,82,106,18.38,34.79,ti,71.3,78,25.63
2026-09-23,70.85,88.51,82,106,17.07,34.1,ke,70.6,78,24.46
2026-09-24,69.36,88.02,81,105,16.05,32.92,to,70.65,78,24.1
2026-09-25,69.12,87.18,81,103,15.1,30.85,pe,70.52,78,22.97
