vk,suunta,havainnot,ka,p50,p85,p95,yli0,yli6,yli11
16,1,27398,72.42,72,80,85,58.87,31.04,13.34
16,2,32945,72.56,72,80,85,62.35,31.84,12.92
17,1,44905,72.17,72,80,85,58,30.58,12.88
17,2,54020,72.78,73,80,85,63.04,32.3,13.22
18,1,36331,72.25,72,80,86,57.72,30.73,13.21
18,2,43888,72.79,73,80,85,63.25,32.57,13
19,1,44871,72.25,72,80,86,59.06,31.87,13.6
19,2,54631,72.28,72,79,85,60.63,30.57,11.86
20,1,36028,72.38,72,80,85,59.36,31.71,13.62
20,2,43400,72.63,72,80,85,62.24,32.09,12.92
21,1,41653,72.22,72,80,86,58.81,31.42,13.37
21,2,50643,72.21,72,79,85,59.99,30.61,12.07
22,1,46062,72.17,72,80,85,57.42,30.23,12.86
22,2,55179,72.39,72,79,85,60.8,30.91,12.39
23,1,46001,71.93,72,80,85,56.86,30.16,12.92
23,2,55277,72.04,72,79,85,58.94,29.44,11.63
24,1,45290,71.58,72,79,85,55.74,29.25,12.36
24,2,53800,71.82,72,79,84,57.97,28.43,10.99
25,1,35893,72.24,72,80,86,58.51,31.39,13.45
25,2,44356,72.75,72,80,85,62.59,32.23,12.94
26,1,45437,72.73,72,80,86,60.38,32.59,14.07
26,2,56374,72.8,73,80,85,62.92,32.48,13.19
27,1,45245,73.08,73,81,86,62.04,34.32,15.37
27,2,55806,72.62,73,80,86,62.53,32.69,13.19
28,1,44710,72.86,72,80,86,60.66,33.1,14.76
28,2,55624,72.98,73,80,85,63.41,33.07,13.48
29,1,44117,72.9,72,80,86,61.06,33.74,14.96
29,2,55237,73.09,73,80,86,63.21,33.4,14.27
30,1,44103,73.01,73,80,86,61.54,33.89,14.79
30,2,55938,73.02,73,80,86,63.07,33.16,14.02
31,1,45077,72.81,72,80,86,60.72,33.02,14.54
31,2,56170,72.63,72,80,85,61.26,31.41,13.01
32,1,45425,72.7,72,80,86,60.26,32.59,14.4
32,2,56188,72.14,72,79,85,59.47,29.56,11.42
33,1,45086,71.72,72,79,85,56.15,29.04,12.09
33,2,54706,71.47,72,79,84,56.82,27.44,10.42
34,1,36219,71.56,71,79,85,55.23,28.63,11.8
34,2,43370,71.25,71,79,84,55.12,26.62,10.26
35,1,45872,71.5,72,79,85,56.04,28.92,12.24
35,2,54795,71.81,72,79,84,57.8,28.01,10.63
36,1,46917,72.15,72,79,85,57.59,29.74,12.07
36,2,54342,71.41,71,78,84,55.48,26.23,9.8
37,1,46170,71.97,72,79,85,56.29,28.56,11.63
37,2,53991,71.17,71,78,83,54.11,25.24,9.25
38,1,44343,71.73,71,79,84,55.29,27.71,10.98
38,2,52817,71.3,71,78,83,55.45,25.47,9.16
39,1,44988,70.85,71,78,83,50.98,24.55,9.57
39,2,53365,70.99,71,78,83,54.03,25.03,9.25
