vk,pv_1,pv_2,n_1,n_2,ka_1,ka_2,p85_1,p85_2,yli6_1,yli6_2
16,3,3,27398,32945,39317,41491,NA,NA,NA,NA
17,5,5,44905,54020,64404,67561,NA,NA,NA,NA
18,4,4,36331,43888,52962,56225,NA,NA,NA,NA
19,5,5,44871,54631,66606,68284,NA,NA,NA,NA
20,4,4,36028,43400,52268,56741,10,10,NA,NA
21,5,5,41653,50643,65697,68647,8,NA,NA,NA
22,5,5,46062,55179,65384,70721,NA,NA,NA,NA
23,5,5,46001,55277,64032,72388,NA,NA,NA,NA
24,5,5,45290,53800,68784,70040,NA,NA,NA,NA
25,4,4,35893,44356,53978,56877,NA,NA,NA,NA
26,5,5,45437,56374,64589,68928,NA,NA,NA,NA
27,5,5,45245,55806,65594,73160,NA,NA,NA,NA
28,5,5,44710,55624,64461,68962,NA,NA,NA,NA
29,5,5,44117,55237,64341,71157,NA,NA,NA,NA
30,5,5,44103,55938,63743,69162,NA,NA,NA,NA
31,5,5,45077,56170,62950,69299,NA,NA,NA,NA
32,5,5,45425,56188,65823,69562,NA,NA,NA,NA
33,5,5,45086,54706,69306,72048,NA,NA,NA,NA
34,4,4,36219,43370,54196,57475,NA,NA,NA,NA
35,5,5,45872,54795,68868,66622,NA,NA,NA,NA
36,5,5,46917,54342,64337,69167,NA,NA,NA,NA
37,5,5,46170,53991,61353,65445,NA,NA,NA,NA
38,5,5,44343,52817,62252,67159,17,NA,NA,NA
39,5,5,44988,53365,61635,69413,NA,NA,NA,NA
