lam_id,tie,raja,kam_m,ka_2025,ka_2026,d_ka,p85_2025,p85_2026,yli6_2025,yli6_2026,d_yli6,yli11_2025,yli11_2026
164,3,60,768,74.54,66.26,-8.27,85,76,81.36,48.41,-32.95,63.87,28.68
20029,3,80,1215,NA,82.11,NA,NA,90,NA,32.64,NA,NA,14.36
154,4,100,1704,96.54,98.11,1.56,107,108,19.55,23.17,3.62,7.44,8.9
109,4,100,2102,93.54,100.53,6.99,107,111,18.66,33.97,15.31,8.84,17.13
179,7,100,1238,101.67,NA,NA,112,NA,34.8,NA,NA,17.42,NA
119,7,120,2149,114.75,115.15,0.4,126,126,17.94,18.11,0.17,6.91,6.65
153,45,80,649,83.08,82.67,-0.41,91,90,36.76,34.57,-2.19,16.03,14.5
131,45,80,1434,87.95,88.18,0.23,96,96,60.22,61.96,1.74,33.93,35.61
12,50,80,628,84.52,85.06,0.54,93,94,43.23,44.74,1.51,22.49,23.44
125,50,80,2488,80.09,80.03,-0.06,86,86,16.92,16.61,-0.31,4.77,4.56
20030,51,80,2403,NA,86.11,NA,NA,94,NA,47.11,NA,NA,24.32
101,51,80,2790,85.59,85.41,-0.17,93,93,49.7,48.41,-1.29,24.26,22.53
11,101,60,25,61.15,60.39,-0.76,67,66,20,16.67,-3.33,6.16,4.33
145,101,80,52,80.21,78.12,-2.1,87,86,20.64,18.02,-2.62,5.5,4.82
10,101,70,61,68.26,68.78,0.52,74,75,10.61,13.17,2.56,2.23,3.01
146,101,80,208,81.92,80.84,-1.07,89,88,29.06,26.48,-2.58,10.62,9.07
116,101,70,300,72.98,72.21,-0.77,80,79,34.1,30.35,-3.75,14.55,12.43
149,101,80,437,78.32,78.18,-0.15,87,87,21.8,21.64,-0.16,7.02,6.74
126,101,80,544,80.01,79.08,-0.93,87,87,22.22,19.82,-2.4,7.47,6.33
147,101,80,666,82.35,80.01,-2.34,89,88,30.04,25.15,-4.89,10.59,8.39
148,101,80,750,82.66,82.54,-0.12,89,89,33.06,32.89,-0.17,11.03,10.5
118,101,60,1431,66.98,66.64,-0.34,75,74,55.12,53.46,-1.66,29.66,27.96
