lam_id,vk,ka_2025,ka_2026,yli6_2025,yli6_2026,d_ka,d_yli6,ryhma
10,16,68.12271019468963,67.9677994785711,9.78841210203678,10.700727256094773,-0.15491071611853613,0.9123151540579926,KehaI
10,17,67.85190738199975,68.01000483659227,8.967595015488197,10.628066054031645,0.15809745459252156,1.6604710385434487,KehaI
10,18,66.85050398599378,67.76152843967498,8.806581564141354,10.187883567044947,0.9110244536811933,1.3813020029035936,KehaI
10,19,67.48102358859086,67.87921783383118,9.175016104935649,10.69117158977763,0.3981942452403189,1.5161554848419811,KehaI
10,20,67.61423088919325,68.1451465438424,9.80187412701211,10.60221842709034,0.5309156546491494,0.8003443000782298,KehaI
10,21,67.74577750328939,67.72754265697905,10.508579254047957,10.771314806452937,-0.01823484631033523,0.2627355524049797,KehaI
10,22,67.64878919456983,67.80429773015324,10.148111280827912,11.062622421938011,0.15550853558340805,0.9145111411100988,KehaI
10,23,67.72825909831613,68.54505509834007,10.448126018468225,12.536615985493095,0.8167960000239418,2.08848996702487,KehaI
10,24,67.82446198475343,68.63094328715651,10.331241988801187,13.55988190845841,0.8064813024030855,3.2286399196572226,KehaI
10,25,68.40894541636324,69.91118827418116,11.084390400867106,16.557043170511836,1.5022428578179188,5.47265276964473,KehaI
10,26,69.08371346398235,70.2032147272977,10.92502173767641,16.93913999175711,1.1195012633153567,6.0141182540806994,KehaI
10,27,69.42093865765962,70.34225015293922,12.058727391588581,17.468438907735944,0.9213114952795962,5.409711516147363,KehaI
10,28,69.39859700115984,70.37267421703456,11.707494305557496,17.600832081359066,0.9740772158747149,5.8933377758015695,KehaI
10,29,69.6602504045652,70.11137836965769,12.686312920534878,17.10422105541052,0.451127965092482,4.417908134875642,KehaI
10,30,69.56082572138887,70.17480916030534,12.267102433028855,16.834997064004696,0.6139834389164776,4.567894630975841,KehaI
10,31,69.24208623875484,70.11752161055504,11.46702992865139,16.38989990900819,0.8754353718002079,4.922869980356799,KehaI
10,32,68.26129337113541,69.96284584980238,10.13230727690023,15.714869837808369,1.7015524786669687,5.582562560908139,KehaI
10,33,67.91342311271693,69.14379866592256,10.550446159741611,14.199154907119508,1.2303755532056329,3.6487087473778974,KehaI
10,34,67.88864909165414,69.06640005288207,10.435732823384784,14.14595452141724,1.1777509612279289,3.7102216980324556,KehaI
10,35,68.05084448521477,68.96085187967977,10.492661342542629,13.796409047335285,0.9100073944649978,3.303747704792656,KehaI
10,36,68.23753897262046,68.87156298053115,10.678157633187654,13.974823425160936,0.6340240079106962,3.2966657919732825,KehaI
10,37,68.25915408349944,68.95522270190587,10.79785926876553,13.725386964304517,0.6960686184064286,2.9275276955389877,KehaI
10,38,67.76933439639294,68.9087161984773,10.245236851510736,13.313205565765292,1.1393818020843582,3.0679687142545564,KehaI
10,39,67.90115924344113,68.62998932764141,10.666782881547983,12.433297758804695,0.7288300842002826,1.7665148772567125,KehaI
11,16,61.15864653116839,60.613923858637946,19.83649369819462,17.47307750644623,-0.5447226725304404,-2.3634161917483887,KehaI
11,17,60.99792311828954,60.618665829192146,19.216718897769205,16.953316953316953,-0.37925728909739576,-2.2634019444522515,KehaI
11,18,61.044063813440594,60.59422305307314,19.654720477244993,17.027630859018785,-0.4498407603674579,-2.627089618226208,KehaI
11,19,61.18645788023778,60.47411484402416,20.24974626649268,17.088081561790073,-0.7123430362136247,-3.1616647047026056,KehaI
11,20,61.1646230864108,60.51624185621214,19.94848726692302,16.699051320150875,-0.6483812301986589,-3.249435946772145,KehaI
11,21,61.19987640633236,60.405524591168,20.2675439393664,16.85959861987301,-0.7943518151643545,-3.4079453194933897,KehaI
11,22,61.09479625239869,60.31309655334795,19.85777175753471,16.6917211526271,-0.7816996990507405,-3.1660506049076105,KehaI
11,23,60.964033249262904,60.635730054186205,19.871407765265886,17.706299830326028,-0.3283031950766997,-2.165107934939858,KehaI
11,24,60.99145714182943,60.57411829034904,19.380597820222295,17.211336917889366,-0.4173388514803875,-2.1692609023329297,KehaI
11,25,61.051848892440184,60.63353277430548,19.68526656900608,17.67610489557152,-0.4183161181347046,-2.009161673434562,KehaI
11,26,61.306392815862004,60.774519317160824,20.79132213034587,17.626235399820306,-0.5318734987011808,-3.1650867305255623,KehaI
11,27,61.50147108049541,60.82056024420901,21.234650552315852,17.95834081522715,-0.6809108362864009,-3.2763097370887024,KehaI
11,28,61.35667224616261,60.53980148793976,20.611489013141494,17.43375425575991,-0.8168707582228478,-3.1777347573815824,KehaI
11,29,61.54880910683012,60.95886300688871,21.69527145359019,18.14501810950927,-0.5899460999414075,-3.5502533440809216,KehaI
11,30,61.54477321048901,60.82640002851745,21.35542168674699,17.368908851103267,-0.7183731819715646,-3.9865128356437225,KehaI
11,31,61.393513968833354,60.527372460987,21.002386634844868,16.812701401209313,-0.8661415078463506,-4.189685233635554,KehaI
11,32,61.07025585017815,60.67636389886485,19.605034644513275,17.24747793759362,-0.3938919513133001,-2.357556706919656,KehaI
11,33,61.176865859355345,60.14736842105263,19.90549426856876,15.82462306909629,-1.0294974383027125,-4.080871199472469,KehaI
11,34,61.22001377011161,60.07694823397496,19.834396289317294,15.648944122593909,-1.1430655361366533,-4.185452166723385,KehaI
11,35,61.135129725992506,60.32141928775669,19.877369819147773,16.32812209885254,-0.813710438235816,-3.5492477202952344,KehaI
11,36,61.19974965532255,59.970567389114784,20.149118351353312,15.68620136531503,-1.229182266207765,-4.462916986038282,KehaI
11,37,61.20072043225935,59.97247359054939,20.286717485036476,15.088410132141911,-1.2282468417099608,-5.198307352894565,KehaI
11,38,59.941258280569485,59.2088378072414,16.1457380229111,14.241034595237638,-0.7324204733280837,-1.9047034276734625,KehaI
11,39,61.0380993937167,59.14354625965706,18.971614918243617,13.190126248351234,-1.8945531340596418,-5.781488669892383,KehaI
12,16,85.1245488908273,84.89241969500324,44.890279987001215,43.42756327060351,-0.2321291958240579,-1.4627167163977077,verrokki
12,17,84.74721732889672,85.0454065858566,43.21002153063222,44.5858075280954,0.29818925695987275,1.3757859974631828,verrokki
12,18,85.06438902427446,85.15769875828961,45.02009684463715,44.506162391715776,0.093309734015150525,-0.5139344529213759,verrokki
12,19,85.39879959156228,85.06862781148496,46.15968918885264,44.738616167187594,-0.33017178007732184,-1.4210730216650447,verrokki
12,20,85.32496038716175,85.38152951906875,46.45449743898395,46.18393185647812,0.05656913190699697,-0.2705655825058315,verrokki
12,21,84.14690311037035,85.14523683066969,43.423858427902644,46.04799381970933,0.9983337202993425,2.624135391806689,verrokki
12,22,84.45058966434492,84.2440504865594,43.57673324415333,42.91839290875807,-0.20653917778551545,-0.658340335395259,verrokki
12,23,84.67884359501633,84.89944491887276,44.422402322486995,45.076620172691904,0.22060132385642817,0.6542178502049083,verrokki
12,24,85.29056045408788,84.864130175823135,46.48215303634886,45.14103969123743,-0.4264302782647462,-1.341113345111431,verrokki
12,25,85.31675936678687,85.47529881674575,46.75294908624167,46.53883116103069,0.15853944995888014,-0.21411792521097794,verrokki
12,26,85.20500633713561,85.55578727841501,45.44106463878327,46.60859964423726,0.3507809412793961,1.167535005453992,verrokki
12,27,85.22664757526658,85.53732706547154,46.472487031664095,47.0174883086516,0.31067949020496144,0.5450012769875059,verrokki
12,28,85.43163925431601,85.71223806478312,46.67542841101938,46.81664848325245,0.28059881046711155,0.1412200722330681,verrokki
12,29,85.09844014038737,85.60607548404965,46.54361107500325,46.22327970390513,0.5076353436622867,-0.3203313710981206,verrokki
12,30,85.1244186345299,85.17629992179025,45.850142611198194,44.37898932815299,0.051881287260343356,-1.4711532830452043,verrokki
12,31,84.73875916269931,85.08020682574437,44.98979823169349,44.25353471629495,0.34144766304505936,-0.7362635153985408,verrokki
12,32,84.27919542936459,85.4586287846867,42.585730396956215,45.82435442123638,1.1794333553221037,3.2386240242801634,verrokki
12,33,82.4466480107069,85.04695240407965,37.07263657379243,44.38198154443905,2.6003043933727525,7.30934497064662,verrokki
12,34,82.86345609065155,84.72088859215198,35.63739376770538,43.66331826044733,1.8574325015004263,8.02592449274195,verrokki
12,35,82.77693953986089,85.03422350535305,35.22917781344748,44.707085288102974,2.2572839654921637,9.477907474655495,verrokki
12,36,83.28012617172185,84.65515395564422,36.732366254410664,43.36305794474385,1.375027783922377,6.630691690333187,verrokki
12,37,83.10527649561047,84.72761519111602,37.12734184089058,42.92901404994171,1.6223386955055474,5.801672209051134,verrokki
12,38,83.02180942399036,84.81374377725346,35.998929598822556,43.06325892801996,1.7919343532631018,7.064329329197406,verrokki
12,39,83.40081496995083,84.23184141628226,36.92861045346931,41.27290861488592,0.8310264463314354,4.34429816141661,verrokki
101,16,85.91796532211698,85.48384347152266,50.05446787908131,48.57613328167377,-0.4341218505943232,-1.4783345974075388,verrokki
101,17,83.06384728701202,85.53280203416168,42.14461085195188,48.899928192209444,2.4689547471496525,6.755317340257562,verrokki
101,18,85.34778199135727,85.60828386678646,47.94955463444748,49.3025585129104,0.260501875429199,1.3530038784629213,verrokki
101,19,85.44411866779957,85.60163909040013,48.47716039779323,49.28468474907384,0.15752042260055532,0.8075243512806125,verrokki
101,20,85.72556808711595,85.61541088770753,50.108339352186235,49.32285943393425,-0.11015719940841961,-0.7854799182519869,verrokki
101,21,85.78403821999977,85.44871974254932,50.542897723937976,48.811855790308286,-0.33531847745045695,-1.7310419336296903,verrokki
101,22,85.96526269445259,85.7550954570069,51.23569122395069,50.36005207793255,-0.21016723744568822,-0.8756391460181376,verrokki
101,23,85.74626865671642,85.77604300259844,50.7868898122142,50.49125115703309,0.029774345882017883,-0.2956386551811079,verrokki
101,24,85.83377608667912,85.57086763774541,50.995905014906675,49.66434452184927,-0.26290844893371457,-1.3315604930574025,verrokki
101,25,86.21272511466377,85.94436357284268,52.510880236800844,51.03936182601607,-0.2683615418210934,-1.4715184107847747,verrokki
101,26,86.33377049955102,86.01449613125757,52.93137671912661,51.775892607439175,-0.31927436829344913,-1.1554841116874357,verrokki
101,27,86.70390314292753,86.01151961917087,54.44104224592029,51.939963950640106,-0.6923835237566607,-2.5010782952801875,verrokki
101,28,86.52446284959788,85.9562766298349,53.37774576881527,50.60351068753931,-0.5681862197629783,-2.774235081275954,verrokki
101,29,86.36524894898851,85.21685140928797,52.775748284246205,47.56992398131357,-1.1483975397005395,-5.205824302932633,verrokki
101,30,86.11491600406528,85.61736988648533,51.90769414718718,48.38533114395183,-0.4975461175799438,-3.5223630032353483,verrokki
101,31,86.01656473588514,85.47690095696035,51.57146567805615,48.32885494743789,-0.5396637789247904,-3.24261073061826,verrokki
101,32,85.406457492514,85.59622929759384,48.39687067261602,49.265650498246586,0.18977180507984315,0.8687798256305683,verrokki
101,33,85.25305420333271,85.22607580902225,47.7895057105411,47.61508788949715,-0.02697839431046134,-0.17441782104395287,verrokki
101,34,85.58411578748702,85.28258357169686,49.45503444371048,48.14220912426685,-0.30153221579016076,-1.3128253194436326,verrokki
101,35,85.33158213780561,85.26686943397965,47.95026921659753,47.53856611251282,-0.06471270382596117,-0.4117031040847152,verrokki
101,36,85.34049832476052,85.22248650413329,47.96375819923553,47.35037951659729,-0.11801182062723115,-0.6133786826382348,verrokki
101,37,85.38642972148126,84.63983685209416,48.196477062456445,44.73128926925298,-0.7465928693871007,-3.4651877932034623,verrokki
101,38,84.99276947381213,84.26362824999413,46.55486693401385,42.88700472085868,-0.7291412238180044,-3.667862213155175,verrokki
101,39,83.21812154348919,83.87478817325353,43.413775766716945,40.56289624933341,0.6566666297643451,-2.8508795173835324,verrokki
109,16,101.78721308428585,101.33177272281596,36.88133073134467,36.4937738994019,-0.45544036146989697,-0.38755683194276713,verrokki
109,17,101.10620584884163,101.7188056247775,35.17052791492594,37.20333451999525,0.6125997759358768,2.032806605069311,verrokki
109,18,101.33012630014859,101.85076040332015,36.047548291233284,37.834475330993634,0.5206341031715596,1.78692703976035,verrokki
109,19,101.53288497076555,101.49614243323443,36.46884183101578,36.62759643916914,-0.03674253753112566,0.15875460815335884,verrokki
109,20,102.08000059182979,101.66326455416359,38.51776229156495,36.735445836403834,-0.4167360376661975,-1.7823164551611157,verrokki
109,21,95.68554707379135,101.37627770807194,22.712468193384225,36.388122124634044,5.690730634280584,13.675653931249819,verrokki
109,23,92.5170321135715,101.4325191784568,14.651591229274285,36.582276659134415,8.915487064885298,21.93068542986013,verrokki
109,24,92.04941731818852,101.15191234596605,13.860451394010916,35.7039060683562,9.102495027777536,21.84345467434528,verrokki
109,25,91.61137129840547,101.36282959140729,13.647380410022778,35.79074490860186,9.751458293001818,22.143364498579082,verrokki
109,26,92.46134823897806,101.86509757271929,14.75980743623886,37.63418019089699,9.403749333741231,22.874372754658133,verrokki
109,27,91.9311617089698,95.79127418395042,15.131503388078558,25.91909897095749,3.8601124749806246,10.78759558287893,verrokki
109,28,92.71380884945522,96.08382049518569,16.12670154041791,21.492434662998626,3.3700116457304716,5.365733122580718,verrokki
109,29,93.40376563118882,97.44830667001703,17.22259944548181,25.143088477538598,4.044541038828214,7.920489032056789,verrokki
109,30,93.0762359136984,101.57343494675156,16.311795684919872,36.366709866456304,8.497199033053164,20.054914181536432,verrokki
109,31,92.60468940489353,101.03866820457998,15.393666184684301,35.32886963371406,8.433978799686443,19.935203449029764,verrokki
109,32,91.57278310212536,101.38195223821228,13.745569121701458,35.93499168927846,9.809169136086922,22.189422567577004,verrokki
109,33,91.90515400590868,101.02579190099611,14.663468569924241,34.820512079110586,9.120637895087427,20.157043509186344,verrokki
109,34,91.35341777420986,100.64746025305249,14.354949008414355,33.673318824006785,9.294042478842627,19.31836981559243,verrokki
109,35,89.8384246667969,100.82815246689324,11.591110576850836,34.10875424821282,10.989727800096347,22.51764367136198,verrokki
109,36,88.09744947434852,100.55139940151382,8.5289454646205,33.71618846447222,12.453949927165297,25.18724299985172,verrokki
109,37,87.92385110294117,100.60870144876012,8.455882352941176,33.71404023346073,12.684850345818944,25.258157880519555,verrokki
109,38,86.81083998122946,100.58741423828846,7.035820428593775,33.54186646993729,13.776574257058996,26.506046041343517,verrokki
109,39,89.42808711141757,99.65619410993203,10.515428374418203,31.273101228091093,10.228106998514463,20.75767285367289,verrokki
116,16,73.12362662249427,72.49528528578294,34.591642617731935,31.478381916709477,-0.6283413367113297,-3.1132607010224582,KehaI
116,17,72.8571295423713,72.50190548395248,33.082029348715345,31.521859994945665,-0.35522405841881266,-1.5601693537696804,KehaI
116,18,72.92598132250725,72.54695271693738,33.70746974019934,31.73811690497264,-0.3790286055698715,-1.9693528352267045,KehaI
116,19,72.99394889733229,72.26519064943419,34.2048127374706,31.154147655323513,-0.7287582478980994,-3.050665082147084,KehaI
116,20,72.55470439615968,72.51885984791258,32.40626579080344,31.914438233368585,-0.03584454824709837,-0.49182755743485274,KehaI
116,21,72.6023719601143,72.21091921643408,32.46807745339009,30.974256739186963,-0.3914527436802189,-1.4938207142031246,KehaI
116,22,71.0451657383875,72.29081103505497,28.670307683988536,30.599263144378266,1.245645296667476,1.92895546038973,KehaI
116,23,71.7259196854816,71.98904006793182,30.02550781615651,29.766583068386026,0.26312038245022507,-0.25892474777048236,KehaI
116,24,72.68902167839344,71.70855787667777,32.90303451893581,28.805126652538096,-0.9804638017156719,-4.0979078663977155,KehaI
116,25,73.35319330722677,72.52335854652394,36.01566393734425,31.85460254956448,-0.8298347607028376,-4.161061387779771,KehaI
116,26,73.79332059311108,72.76863010873089,37.442438754835145,32.53086601644223,-1.0246904843801872,-4.911572738392913,KehaI
116,27,73.89038691663343,72.8253852015319,37.91555074363212,33.42074793915943,-1.0650017151015305,-4.494802804472684,KehaI
116,28,73.9248609792486,72.92306695636574,38.066820380668204,33.083501106304944,-1.0017940228828621,-4.983319274363261,KehaI
116,29,74.25356006409244,73.00209352416611,39.27241542732053,33.549731263965214,-1.2514665399263265,-5.722684163355318,KehaI
116,30,74.22013701707098,73.01588348777001,38.94878706199461,33.483271858538,-1.2042535293009706,-5.4655152034566115,KehaI
116,31,73.51076196022218,72.70933459756833,36.081123454578034,32.12737167521013,-0.801427362653854,-3.953751779367906,KehaI
116,32,72.70182148107314,72.39113105606566,33.13120176405733,30.91435151014142,-0.3106904250074791,-2.2168502539159114,KehaI
116,33,72.68234172781663,71.58252164502164,32.737336502796246,28.161576078242746,-1.0998200827949915,-4.575760424553501,KehaI
116,34,72.76846155618534,71.3888351405345,33.031496970115896,27.535212152433125,-1.379626415650847,-5.4962848176827706,KehaI
116,35,72.73431275767958,71.66858056761401,32.74722722257709,28.421429068115668,-1.0657321900655603,-4.32579815446142,KehaI
116,36,72.74262759271622,71.75382928924836,32.969221206749694,27.856289317492767,-0.9887983034678598,-5.112931889256927,KehaI
116,37,72.77881347144289,71.54006050259083,33.03798780979594,26.77189724543485,-1.2387529688520544,-6.266090564361093,KehaI
116,38,72.516321165166,71.49646974063401,31.54649728950001,26.49032523672293,-1.0198514245319927,-5.056172052777079,KehaI
116,39,72.78651114145434,70.928146574075015,32.71839865198571,24.807580856710015,-1.8583645673793256,-7.910817795275694,KehaI
118,16,67.10731220364363,66.91755938518864,55.57108393644455,54.946234381644764,-0.18975281845499126,-0.6248495547997877,KehaI
118,17,66.92789219291794,66.8687226505522,54.6810969843438,54.698895603250676,-0.059169542365737016,0.017798618906873287,KehaI
118,18,66.56520527155313,66.31801602394239,53.51307822154771,52.62649250241606,-0.24718924761073424,-0.8865857191316451,KehaI
118,19,66.97297231429128,66.47183434627556,55.10577110547865,53.330152192475765,-0.5011379680157262,-1.7756189130028872,KehaI
118,20,67.06954823369566,66.62923069707819,55.59370147515528,53.991902074507166,-0.44031753661747075,-1.6017994006481118,KehaI
118,21,66.74569942823344,66.62972711437972,54.426261829652994,53.783626862783045,-0.11597231385371742,-0.6426349668699487,KehaI
118,22,67.15111373225061,66.92411772412726,55.924027280013306,55.28650889124454,-0.22699600812335063,-0.6375183887687683,KehaI
118,23,67.18801939058172,66.76971518874538,56.36163912503582,54.44921044189114,-0.4183042018363352,-1.9124286831446824,KehaI
118,24,67.0887030090956,66.66717142209875,55.61733795103479,53.918611167415854,-0.42153158699684923,-1.6987267836189375,KehaI
118,25,67.25278638486796,66.90415833116992,56.153170235397496,54.783684315013055,-0.34862805369803596,-1.3694859203844416,KehaI
118,26,67.31814927510291,66.91463445388747,56.93446521261091,54.44102589967972,-0.40351482121543825,-2.493439312931187,KehaI
118,27,67.39810887123252,66.93351145428512,56.96631426882921,54.59833299243199,-0.46459741694739876,-2.3679812763972166,KehaI
118,28,67.1902835161704,66.93400021895013,56.00512893574583,54.57058404948273,-0.2562832972202642,-1.4345448862630974,KehaI
118,29,67.30044900395009,66.86575666986293,56.371309215948166,54.23881775621862,-0.4346923340871598,-2.1324914597295432,KehaI
118,30,67.2354202581676,66.8781766155764,55.83259751363018,54.11366405076919,-0.35724364259120023,-1.7189334628609956,KehaI
118,31,67.0811089257282,66.52979709662198,55.4663562530941,52.349626668887225,-0.5513118291062256,-3.1167295842068725,KehaI
118,32,66.6929279082809,66.60759334323623,53.54726151162066,53.25662781036783,-0.0853345650446613,-0.2906337012528297,KehaI
118,33,66.6111796776706,66.42646627924012,54.30591336648493,52.25496898959808,-0.18471339843048895,-2.0509443768868465,KehaI
118,34,67.0287016653905,66.37309740387082,55.314414241960186,52.48525440859242,-0.6556042615196844,-2.8291598333677683,KehaI
118,35,66.87522435120059,66.47125503171323,54.941789958767885,52.13272972682426,-0.40396931948735926,-2.8090602319436258,KehaI
118,36,66.98090349575499,66.45882296513022,55.18403191670519,52.40059475274594,-0.5220805306247627,-2.783437163959249,KehaI
118,37,66.94588255625918,66.42774601629972,54.860571047661374,52.38657097676682,-0.5181365399594569,-2.4740000708945544,KehaI
118,38,66.59794286563026,66.40483151816387,53.011436775918405,52.203786272933264,-0.1931113474663846,-0.8076505029851404,KehaI
118,39,66.11714383839646,66.1633140171508,51.066221237003965,50.66253275753885,0.0461701787543376,-0.4036884794651172,KehaI
119,16,114.41283398592034,114.88873268770176,16.804284757866547,16.968655628449444,0.4758987017814178,0.16437087058289634,verrokki
119,17,113.27440265196272,114.90064560083052,14.0852697912564,17.533415520373733,1.626242948867798,3.448145729117334,verrokki
119,18,113.23257801629894,115.39122358486797,14.841979725700655,17.758558702512683,2.1586455685690282,2.916578976812028,verrokki
119,19,113.42927694061036,114.51333920140834,14.986703811574015,17.349763943346403,1.0840622607979782,2.3630601317723876,verrokki
119,20,115.92448875807122,115.24913073371967,19.953460418239818,18.12984972006679,-0.6753580243515529,-1.8236106981730273,verrokki
119,21,115.5969450101833,115.09594199085797,19.54175152749491,17.877930875727582,-0.5010030193253385,-1.6638206517673275,verrokki
119,22,115.86117418728773,115.3395332324885,19.751576904415334,18.314141944247215,-0.5216409547992242,-1.437434960168119,verrokki
119,23,115.18014207880557,115.76137036598365,18.32876794798471,19.337024754234278,0.5812282871780781,1.0082568062495696,verrokki
119,24,114.32914937914713,115.04468129323398,16.537603163428845,17.95712970934893,0.7155319140868528,1.4195265459200854,verrokki
119,25,114.42988720052205,114.54922560179138,17.255523445511326,17.30919947751446,0.11933840126933148,0.05367603200313553,verrokki
119,26,115.07586826165038,115.6498924092899,18.400146105378504,19.109594123321212,0.5740241476395198,0.7094480179427087,verrokki
119,27,116.39509011347623,115.55106846150429,20.829192316250094,19.173071512135888,-0.8440216519719428,-1.656120804114206,verrokki
119,28,115.71350677441644,115.05376117832719,19.57671162916454,17.634327797399866,-0.6597455960892518,-1.9423838317646727,verrokki
119,29,116.3356124935391,115.98327389548764,21.095769031972235,19.48922750449468,-0.3523385980514604,-1.6065415274775567,verrokki
119,30,115.69252750181371,114.9047284469227,20.12259220325432,17.83445203534002,-0.7877990548910105,-2.2881401679142996,verrokki
119,31,116.28245463408955,115.30787324693769,20.543081243906343,18.06024025090242,-0.9745813871518578,-2.482840993003922,verrokki
119,32,115.59386096542707,115.60559788936872,19.2431693583134,19.1961324745383,0.011736923941654709,-0.047036883775099625,verrokki
119,33,115.9252824285091,115.1844515184889,20.040013839373017,18.184149781995384,-0.7408309100202075,-1.8558640573776337,verrokki
119,34,116.44842127378594,115.27326244183222,20.822078155951736,18.24552878954942,-1.1751588319537234,-2.5765493664023147,verrokki
119,35,110.84884532419744,115.84420072115384,14.257391194010912,19.62890625,4.995355396956398,5.371515055989088,verrokki
119,36,112.24120650233345,115.31961120640366,13.781438907507752,18.559477596220397,3.078404704070209,4.778038688712645,verrokki
119,37,111.8953765905319,114.93836015325671,13.509839563739824,17.681226053639847,3.042983562724814,4.171386489900023,verrokki
119,38,113.57783711198552,114.8060839394954,15.731372181625133,17.761816355723287,1.228246827509878,2.030444174098154,verrokki
119,39,115.6143547569864,113.14068423556859,18.77850099388081,14.636317590901417,-2.473670521417816,-4.142183402979395,verrokki
125,16,80.53786807252153,79.93388949202902,18.031803180318033,15.707673847208731,-0.6039785804925089,-2.324129333109301,verrokki
125,17,80.4697054895621,80.23037420096243,17.877978491600476,16.752854988149107,-0.23933128859967212,-1.1251235034513698,verrokki
125,18,80.50049415992812,80.41181724800143,18.598382749326145,17.453441114733597,-0.08867691192669724,-1.1449416345925485,verrokki
125,19,80.66886471040773,80.35511033681766,18.822581236033265,17.726480836236934,-0.3137543735900721,-1.096100399796331,verrokki
125,20,80.65928289163615,80.32050831061473,19.236486241525576,17.544631079060768,-0.33877458102142555,-1.6918551624648082,verrokki
125,21,80.393464238623,79.9703089997511,18.017889597662236,17.02165487323543,-0.42315523887189954,-0.9962347244268059,verrokki
125,22,80.37304678755316,79.977257912653,17.604656368927692,16.770478742666764,-0.39578887490016257,-0.834177626260928,verrokki
125,23,80.10047406778462,80.13729121531902,17.24686902992995,17.26186316304424,0.03681714753440701,0.014994133114289099,verrokki
125,24,79.80665604531775,80.16904860535763,16.45246946362188,17.0912731289699,0.3623925600398792,0.6388036653480178,verrokki
125,25,80.16154849934755,80.4043520350183,17.838190517616354,18.30464245128162,0.24280353567075963,0.4664519336652653,verrokki
125,26,80.27874481539403,80.31460332477361,17.753450737743933,17.15096634680362,0.03585850937957957,-0.6024843909403117,verrokki
125,27,80.59276108918178,80.53688671556642,17.980196694988962,18.21026894865526,-0.05587437361535308,0.2300722536662967,verrokki
125,28,80.42520410850672,80.2825789666789,17.91545957334738,17.527767586137887,-0.14262514182782127,-0.38769198720949305,verrokki
125,29,80.61150637086864,80.42994395516413,18.472285104456375,17.242594075260207,-0.18156241570450504,-1.229691029196168,verrokki
125,30,80.33591681198735,80.24766580036577,17.04772976813279,16.353835787852535,-0.08825101162157978,-0.6938939802802544,verrokki
125,31,80.1087926039259,80.29385405321301,16.351443731892314,16.931694414190137,0.18506144928710455,0.5802506822978231,verrokki
125,32,79.72973636236152,80.15606016307703,15.853316505398963,16.756001689244062,0.42632380071550813,0.9026851838450991,verrokki
125,33,79.83246650906226,79.93109534639014,16.012608353033883,15.905773734767997,0.09862883732787964,-0.1068346182658857,verrokki
125,34,79.39466544384577,79.34336153314918,14.3987160380603,15.003453038674033,-0.05130391069658913,0.6047370006137331,verrokki
125,35,79.15168175937904,79.53266682979691,14.111686071582579,14.89146013213549,0.38098507041786434,0.7797740605529118,verrokki
125,36,79.45170908316473,78.51915483939814,14.726866148439996,14.157151495749298,-0.9325542437665888,-0.5697146526906973,verrokki
125,37,79.25772867311166,79.37541678243957,14.649952193774567,13.906640733537094,0.11768810932791496,-0.7433114602374733,verrokki
125,38,79.61254165404424,78.97173670509483,15.33626173886701,14.71426800545432,-0.640804948949409,-0.6219937334126904,verrokki
126,16,80.15787736627455,79.64185815734797,22.22117447370282,20.33832604583372,-0.5160192089265792,-1.8828484278690993,KehaI
126,17,79.74161420562179,79.57941811258871,20.654981726335127,20.525338586090875,-0.16219609303307436,-0.1296431402442515,KehaI
126,18,80.13627478358,79.87473242171508,21.904961370194545,21.100960357472893,-0.26154236186492597,-0.8040010127216526,KehaI
126,19,79.99164804363471,79.42156230437999,21.820196204689218,20.382419333421858,-0.5700857392547221,-1.43777687126736,KehaI
126,20,79.70955108665905,79.65444484909717,21.497258580501477,21.349608204790826,-0.05510623756187272,-0.14765037571065065,KehaI
126,21,79.70277262934076,79.3486200651258,21.513044623620505,20.765181160440303,-0.35415256421495656,-0.7478634631802024,KehaI
126,22,79.94335778321108,79.52299900750401,21.702177203399696,20.357298555779202,-0.42035877570707214,-1.3448786476204937,KehaI
126,23,79.80064150241725,79.38388037996513,21.6074748977315,20.205457104770073,-0.4167611224521153,-1.402017792961427,KehaI
126,24,79.47050641001542,79.17200381358309,21.033685476897627,19.854934290467913,-0.29850259643232846,-1.1787511864297144,KehaI
126,25,79.64511302613113,78.99248824093792,21.767823797538824,20.182294713687313,-0.6526247851932112,-1.5855290838515117,KehaI
126,26,80.31428648716886,80.16278798640444,22.82555769959063,22.455092505403247,-0.1514985007644185,-0.370465194187382,KehaI
126,27,80.61270784271748,80.21019350502335,24.312245771783346,22.930522145181833,-0.4025143376941287,-1.381723626601513,KehaI
126,28,80.74401458484142,80.08858868262134,24.080180880631296,22.14448669201521,-0.6554259022200881,-1.935694188616086,KehaI
126,29,81.7307621863471,80.44657135083423,28.36372833756334,23.920236621992856,-1.2841908355128737,-4.4434917155704845,KehaI
126,30,81.57739847482945,79.84311206407712,27.257400920692877,21.984866742273887,-1.7342864107523326,-5.27253417841899,KehaI
126,31,81.206800347191475,79.47273261665346,25.527429897436807,20.99806728003064,-1.7340677305380154,-4.529362617406168,KehaI
126,32,79.72715624100502,79.024874492751,21.145971643190745,19.54100206077002,-0.7022817482540233,-1.6049695824207255,KehaI
126,33,79.20502123714655,78.29819746239173,20.773618639498256,17.980740009117156,-0.9068237747548267,-2.7928786303811,KehaI
126,34,79.53028495692512,77.41534994125686,20.848243870112658,16.707027597285826,-2.1149350156682516,-4.141216272826831,KehaI
126,35,79.1298104537622,77.6005271593257,20.174229370093816,17.371154923050188,-1.5292832944365102,-2.8030744470436275,KehaI
126,36,79.63935496074907,76.98985441617127,20.773668778965288,16.336991396005356,-2.649500544577805,-4.436677382959932,KehaI
126,37,79.32619631843718,77.38432864134765,20.158593313311798,15.97488333270099,-1.9418676770895331,-4.183709980610807,KehaI
126,38,78.969280401298093,78.3688107974339,18.87402954212577,16.351297329196093,-0.6004696038641981,-2.522732212929675,KehaI
126,39,79.68501002476707,77.5177048861203,20.30428116523175,14.649600934397508,-2.1673051386467677,-5.654680230834241,KehaI
131,16,89.00744296514351,88.12658282929377,64.41760888472604,62.02297550150124,-0.8808601358497441,-2.394633383224793,verrokki
131,17,87.1393717898064,88.26547774017183,58.132020093695324,62.41994272324916,1.126105950365428,4.287922629553833,verrokki
131,18,86.68249841471147,88.56493863938088,54.51701543014162,63.81180584787747,1.8824402246694092,9.294790417735854,verrokki
131,19,86.87218286099865,88.45392916617494,54.689608636977056,63.42394083631643,1.5817463051762957,8.734332199339377,verrokki
131,20,87.04864165159235,88.49607714939523,55.95532469256684,63.46681922196797,1.4474354978028856,7.511494529401126,verrokki
131,21,87.03443780733309,87.7805279458836,56.126860499653475,61.30859045965244,0.7460901385505139,5.181729959998968,verrokki
131,22,87.00473627107327,88.28680015072177,56.63077950258722,62.67946935540454,1.2820638796485042,6.048689852817326,verrokki
131,23,87.12646446771207,87.43056309976463,56.52886332727064,60.160109671244925,0.3040986320525576,3.631246343974283,verrokki
131,24,87.22541371544212,88.09265692000356,56.59659888370271,61.571935717830286,0.8672432045614471,4.9753368341275745,verrokki
131,25,87.48774753227801,88.44160583941606,57.81664876259197,62.84323948557525,0.9538583071380486,5.026590722983286,verrokki
131,26,87.42766857346578,88.6083511777302,57.262311818373334,63.7775538480917,1.180682604264419,6.515242029718365,verrokki
131,27,87.82672794653116,88.68482118138574,58.97431747932614,63.68132282988951,0.8580932348545787,4.707005350563371,verrokki
131,28,87.4679634053202,88.71919524231305,57.13450007312436,63.826395039858284,1.2512318369928437,6.691894966733926,verrokki
131,29,87.99310879883168,88.68135025137659,59.3905926737252,63.01929110542696,0.6882414525449008,3.628698431701757,verrokki
131,30,89.23259772934948,88.41067529829905,64.93134223735433,61.83802995684184,-0.8219224310504245,-3.0933122805124924,verrokki
131,31,89.11305058121269,88.53828485863662,64.77913917687717,62.65291101974519,-0.5747657225760747,-2.126228157131976,verrokki
131,32,88.45226748853953,88.03589102531058,62.42521561213126,61.58436001855766,-0.41637646322895705,-0.8408555935736004,verrokki
131,33,88.55369026998163,88.00768183200455,63.3551697641405,61.04610421376912,-0.5460084379770791,-2.309065550371379,verrokki
131,34,88.8049478180227,88.06955838286585,64.2053840828642,61.2663948518937,-0.7353894351568471,-2.938989230970499,verrokki
131,35,88.38989012151423,88.20047769672713,62.92956405611604,61.847524368988445,-0.18941242478709341,-1.0820396871275975,verrokki
131,36,88.58628909729136,88.16767523304321,63.548488500026195,61.568470927537724,-0.41861386424814384,-1.980017572488471,verrokki
131,37,88.20287306533572,87.62117184791401,61.87563842304659,59.21774079638404,-0.5817012174217098,-2.657897626662546,verrokki
131,38,87.94042497888101,87.5464186904396,61.016310351549805,58.82774874474844,-0.3940062884414175,-2.1885616068013647,verrokki
131,39,88.21570859419465,87.03034938135119,62.46849337344499,59.55233148066817,-1.1853592128434656,-2.9161618927768203,verrokki
145,16,80.64601418373427,80.3792651333249,21.7043848068138,21.07765702009352,-0.26674905040935926,-0.6267277867202807,KehaI
145,17,80.38321603015268,80.43911117913203,20.914580208453522,21.714509818926185,0.05589514897934578,0.7999296104726632,KehaI
145,18,80.58924452812427,80.4529949141843,21.669804659919983,22.09769053942996,-0.1362496139399667,0.4278858795099758,KehaI
145,19,80.38870840622056,80.27596536031798,21.683550873685626,21.575875112809385,-0.112743045902576,-0.10767576087624064,KehaI
145,20,80.33152588898233,80.19143071018642,21.41289954668909,21.74879100771141,-0.14009517879590305,0.3358914610223209,KehaI
145,21,80.26204830806921,79.81965397021928,21.18741387230133,20.433786234835402,-0.4423943378499331,-0.7536276374659288,KehaI
145,22,80.18242961728468,79.89999140409356,20.758288197131122,20.212796439384533,-0.28243821319112783,-0.5454917577465892,KehaI
145,23,80.06632360803482,79.88532390598127,20.50905063774536,19.926428434932163,-0.18099970205355476,-0.582622202813198,KehaI
145,24,79.92395444521875,79.89938679245283,19.89346367168482,19.963207547169812,-0.02456765276592421,0.06974387548499195,KehaI
145,25,77.81242258652095,80.13543897216275,17.25925925925926,20.463643981007355,2.323016385641793,3.204384721748095,KehaI
145,26,80.64166756981322,80.64450879968537,20.753404862541093,21.226503633389644,0.0028412298721463003,0.47309877084855145,KehaI
145,27,81.01944378038091,80.80625110521662,22.282430649631223,21.883289124668433,-0.21319267516429363,-0.3991415249627899,KehaI
145,28,80.9355789548449,80.60467951380737,21.579629596746987,21.27273384023551,-0.33089944103753055,-0.3068957565114765,KehaI
145,29,81.18039470422823,81.15799953453492,22.871990358891956,22.76210424693784,-0.022395169693311345,-0.1098861119541148,KehaI
145,30,81.05896751223854,80.92058813299944,22.126938482078668,21.97064552031163,-0.1383793792390975,-0.15629296176703633,KehaI
145,31,80.85272063905926,80.50902393457648,21.215647502471718,20.994747788078538,-0.343696704482781,-0.22089971439318035,KehaI
145,32,79.8321390283812,80.04614178110923,19.21232297015178,19.977749813061955,0.21400275272802105,0.7654268429101734,KehaI
145,33,79.60658682059606,79.70719892781926,19.345543955357915,19.070457591422553,0.10061210722319913,-0.2750863639353618,KehaI
145,34,79.67138571705051,78.83638805302031,19.589703890071608,18.141801994479124,-0.8349976640301975,-1.4479018955924836,KehaI
145,35,79.60296948300044,73.1008165704043,19.54732311263723,11.914957179844652,-6.502152912596131,-7.6323659327925775,KehaI
145,36,79.79373413506549,69.5938520076099,19.804264108330358,6.632622409131871,-10.199882127455595,-13.171641699198487,KehaI
145,37,79.9363212993611,69.55804545590419,20.052343930413365,6.276342403921842,-10.378275843456905,-13.776001526491523,KehaI
145,38,79.54969083425985,68.81555594045787,18.822049271461175,5.201275611570164,-10.73413489380198,-13.620773659891011,KehaI
145,39,79.925818437925,67.82380021311153,19.993442782203225,4.344992396263306,-12.102018224813477,-15.648450385939919,KehaI
146,16,81.8346615048141,81.9293813373527,28.84059428341587,28.507810359002466,0.09471983253860117,-0.33278392441340543,KehaI
146,17,81.69759223340408,82.00591464677854,28.501213530612453,28.523927905531387,0.3083224133744551,0.0227143749189338,KehaI
146,18,82.05081141724067,82.16410947543024,29.614120225422667,29.521304167530584,0.11329805818957084,-0.09281605789208314,KehaI
146,19,82.41642166712494,81.92992182096371,30.724000084604157,29.013225461633585,-0.4864998461612231,-1.7107746229705718,KehaI
146,20,81.84492547521087,81.9843021923459,29.584115852665633,29.489725765793292,0.13937671713502198,-0.09439008687234107,KehaI
146,21,82.16360938587391,81.74985799488782,30.38591331066087,29.077913471551643,-0.4137513909860928,-1.307999839109229,KehaI
146,22,82.37901772892242,81.88275897969807,30.42246533852059,28.669442998438313,-0.49625874922435287,-1.7530223400822749,KehaI
146,23,82.08599726562092,81.78868550687062,29.817255810555537,27.835105003889034,-0.2973117587502969,-1.9821508066665032,KehaI
146,24,81.81197939783037,81.72229038854806,28.28669632443256,27.733128834355828,-0.08968900928230994,-0.553567490076734,KehaI
146,25,80.74317228210346,81.7803483265934,26.72043415994573,27.866127471655048,1.0371760444899394,1.1456933117093193,KehaI
146,26,82.14839877550634,82.04877726121632,29.161335570024548,28.58978720187474,-0.0996215142900212,-0.5715483681498092,KehaI
146,27,82.72704892142472,82.09575001392525,31.789636015681612,29.03043131138714,-0.6312989074994704,-2.759204704294472,KehaI
146,28,82.37400401662697,82.05307630129519,29.98085096445752,28.380359794725265,-0.3209277153317771,-1.6004911697322548,KehaI
146,29,82.78282589496784,82.35121052353159,31.897697570897154,29.821375041879,-0.4316153714362514,-2.076322529018153,KehaI
146,30,82.44231720240198,82.20558842807503,30.3611797951254,29.075269589577367,-0.2367287743269486,-1.2859102055480314,KehaI
146,31,82.39796030972393,81.8829625814995,30.082212944400506,28.08272716404734,-0.5149977282244294,-1.9994857803531652,KehaI
146,32,81.32319251262197,81.71087465584982,26.82245415178304,27.845546378217374,0.387682143227849,1.0230922264343327,KehaI
146,33,81.41106883287887,81.24808525152714,27.85974225254274,25.845228374453484,-0.16298358135172464,-2.0145138780892573,KehaI
146,34,81.39104960309126,80.15092218942122,28.401024822546095,24.200362917422744,-1.240127413670038,-4.200661905123351,KehaI
146,35,81.58465106472697,77.62494919894762,27.770398481973434,22.83266668092661,-3.9597018657793512,-4.937731801046823,KehaI
146,36,81.61977802982923,76.40904899753404,28.21586440103035,21.089310603623886,-5.210729032295191,-7.126553797406462,KehaI
146,37,81.56180947512284,76.4050163506957,27.658553379724783,19.7800671126595,-5.156793124427139,-7.878486267065284,KehaI
146,38,80.85148566865597,79.14184835563192,25.135538371017905,18.60823284126269,-1.7096373130240465,-6.527305529755214,KehaI
146,39,81.86964316091127,75.27706154749222,28.299812878659008,14.94771398134661,-6.592581613419043,-13.352098897312398,KehaI
147,16,82.11042323492883,82.23095440205755,29.833763255947265,28.814504174637968,0.1205311671287177,-1.019259081309297,KehaI
147,17,82.05462618595826,82.31705428122366,28.95180265654649,29.303812365701617,0.2624280952654061,0.3520097091551264,KehaI
147,18,82.53579659223998,82.4250809678034,30.522498016547658,30.108592112783388,-0.11071562443657967,-0.4139059037642703,KehaI
147,19,82.62726934212826,82.22458725190899,30.976282572516357,29.528694354944133,-0.4026820902192725,-1.4475882175722248,KehaI
147,20,80.74098486270094,82.15206680347636,27.268249202477012,29.822305022554684,1.4110819407754178,2.5540558200776715,KehaI
147,21,81.90364508875099,81.91819270664628,28.935838092220667,29.239704409006336,0.014547617895289022,0.303866316785669,KehaI
147,22,82.51134141387422,82.26837244935786,30.722430586390303,28.96178464630821,-0.24296896451636485,-1.7606459400820924,KehaI
147,23,82.32396446360082,82.00575238941987,30.150178209465825,28.63747499444321,-0.31821207418094843,-1.512703215022615,KehaI
147,24,82.08999551703526,82.21562938203883,28.4997011356844,29.240049740274628,0.12563386500356444,0.7403486045902277,KehaI
147,25,82.26019153376062,82.3262314734089,29.73710687136682,29.715562336530077,0.06603993964827737,-0.021544534836742457,KehaI
147,26,82.94499131441806,82.70810996563574,31.72336421540243,30.508591065292098,-0.23688134878231892,-1.2147731501103323,KehaI
147,27,83.30337458870625,82.8083418038318,33.760286843639975,31.508545949962844,-0.49503278487445357,-2.2517408936771304,KehaI
147,28,83.06717120483422,82.92817679558011,32.2413025550455,31.431867264542877,-0.13899440925411,-0.8094352905026234,KehaI
147,29,83.40769127336291,83.28696704476697,33.810322498460756,33.30805089440179,-0.12072422859594667,-0.5022716040589685,KehaI
147,30,83.22172478793591,83.12629038056598,32.77425527661154,32.3181483573862,-0.09543440736993603,-0.4561069192253413,KehaI
147,31,82.9946792153273,82.819229347069,31.725893770247946,30.920707535406866,-0.17544986825829767,-0.8051862348410808,KehaI
147,32,82.16651520860577,81.96024611207324,28.338172603083834,28.754558033888276,-0.20626909653253733,0.4163854308044428,KehaI
147,33,81.84470664466596,81.9837120773119,28.85633989587336,27.637760878674143,0.1390054326459449,-1.2185790171992181,KehaI
147,34,81.9291232048375,80.86344993968638,29.318216175359034,26.36144314069525,-1.0656732651511192,-2.956773034663783,KehaI
147,35,82.1230031828113,73.84017310718657,28.908394003311333,11.934778807483825,-8.28283007562473,-16.973615195827506,KehaI
147,36,82.1554639050204,71.54406982561464,28.792588436869796,7.588264722698685,-10.611394079405756,-21.20432371417111,KehaI
147,37,81.87111070979782,71.40286452724531,28.045779814442763,7.050039485964534,-10.468246182552505,-20.995740328478227,KehaI
147,38,81.73684789267817,69.91798144483379,27.71407028071443,4.63969934094664,-11.818866447844385,-23.07437093976779,KehaI
147,39,82.133514754656,67.63304401561754,28.022980034205478,3.406271359418743,-14.500470739038462,-24.616708674786736,KehaI
149,16,78.56346423562412,78.62035406653024,21.044880785413746,21.612811116927617,0.056889830906115435,0.5679303315138711,KehaI
149,17,79.11604110236898,79.01985204877766,20.59704487151927,22.56111656938103,-0.09618905359131702,1.9640716978617618,KehaI
149,18,78.83839737063037,79.26380324235437,21.19393387278281,22.742953152090372,0.4254058717239957,1.5490192793075614,KehaI
149,19,79.05718218036944,78.59287057208512,21.906555595798622,22.08511146259214,-0.4643116082843193,0.17855586679351632,KehaI
149,20,78.68590040573362,78.61910028183082,22.203035280573925,22.195069744211764,-0.06680012390279444,-0.007965536362160464,KehaI
149,21,78.23960742286648,78.10421652669596,21.477522702916126,22.20384955688032,-0.13539089617052014,0.7263268539641956,KehaI
149,22,77.77276680116877,78.33254774598704,21.24495617086406,22.29151996781008,0.5597809448182716,1.0465637969460175,KehaI
149,23,77.92640783490731,77.43675207608773,21.81042322490381,21.73894527645681,-0.48965575881958046,-0.07147794844700073,KehaI
149,24,76.72770966013928,77.86407253278419,19.28903041485626,21.696912494458505,1.1363628726449093,2.4078820796022455,KehaI
149,25,77.49154447273685,77.69203374282785,20.245851259987706,22.485026170476825,0.2004892700909977,2.239174910489119,KehaI
149,26,79.03014047493261,78.49159002740024,22.71575838853443,23.315970809256395,-0.5385504475323728,0.6002124207219666,KehaI
149,27,78.87959848644104,78.47706248565139,24.04482867353374,23.500654971707924,-0.40253600078965235,-0.5441737018258159,KehaI
149,28,78.43588062555487,78.72218941006798,22.68251041453254,22.79101710047387,0.2863087845131105,0.10850668594132884,KehaI
149,29,78.91181867521257,78.65295568143952,25.250045227818987,24.167944018660446,-0.2588629937730502,-1.082101209158541,KehaI
149,30,78.62908683881716,78.95193230511362,24.085016659725113,23.40799416050501,0.3228454662964566,-0.6770224992201044,KehaI
149,31,78.26875115341014,78.32159630823003,23.200021090928264,22.57386270547758,0.052845154819891604,-0.6261583854506831,KehaI
149,32,77.85958875715114,77.68939256572983,21.38435176740458,22.054536578561965,-0.17019619142131148,0.6701848111573838,KehaI
149,33,77.79502923568567,77.68035042722727,21.13900556803751,20.895952507888936,-0.11467880845840739,-0.24305306014857564,KehaI
149,34,78.21988871450992,77.20418082812557,21.93037523184477,20.11658078427073,-1.015707886384348,-1.8137944475740397,KehaI
149,35,78.28105583346549,77.92891357954707,21.20749059350988,20.430259913267765,-0.3521422539184158,-0.7772306802421163,KehaI
149,36,78.19935914704173,77.99695049115361,20.915625753214897,19.391784595061765,-0.20240865588812085,-1.5238411581531324,KehaI
149,37,77.81035046562877,78.15615064988836,20.51752328143883,19.437502772561256,0.3458001842595877,-1.080020508877574,KehaI
149,38,78.01388234441262,77.36750561196426,19.50233788828881,18.376023904737835,-0.6463767324483598,-1.1263139835509755,KehaI
149,39,78.77468424449157,77.02702784138846,21.222457822439385,16.36886826563818,-1.7476564031031074,-4.853589556801204,KehaI
153,16,83.62694509517974,82.93728463128876,38.65367609414028,35.823569951757406,-0.6896604638909736,-2.830106142382874,verrokki
153,17,81.41450429991437,83.23051878609283,32.02288323840016,37.20620737184819,1.8160144861784602,5.183324133448025,verrokki
153,18,83.09078155141171,83.08042293663334,36.11094873443619,36.56836540307456,-0.010358614778368747,0.4574166686383663,verrokki
153,19,83.20659938509367,83.13951485405508,37.12182688900826,36.600674862549845,-0.06708453103858858,-0.5211520264584166,verrokki
153,20,83.46099967448282,83.04706761299963,38.10571451020889,36.17183414269705,-0.4139320614831945,-1.93388036751184,verrokki
153,21,83.44392895164454,83.021173972745,38.74376645934891,36.4296181761536,-0.4227549788995333,-2.3141482831953084,verrokki
153,22,83.42802922613294,82.79680333564976,38.27258770682891,35.1320361362057,-0.6312258904831793,-3.1405515706232094,verrokki
153,23,83.4281818484153,82.62489897667642,38.42384737326372,34.82145906136527,-0.8032828717388867,-3.6023883118984514,verrokki
153,24,83.27009864433546,82.58111153486115,37.5426772984575,34.230142495579514,-0.6889871094743114,-3.312534802877984,verrokki
153,25,83.316146754684965,82.80406902869301,37.987372538867554,35.2117254218256,-0.5120777259919578,-2.775647117041956,verrokki
153,26,83.4541442285179,82.89749911510906,38.1315851088738,35.49206039228131,-0.5566451134088481,-2.63952471659249,verrokki
153,27,83.70361494622887,82.81177427705052,39.46515010611155,35.40295343046619,-0.8918406691783503,-4.06219667564536,verrokki
153,28,83.43510331688731,82.77453441092315,37.94147818865712,34.72968224486723,-0.6605689059641549,-3.2117959437898946,verrokki
153,29,83.52903784665163,82.87518265628736,38.67721430300251,35.18690719732193,-0.6538551903642684,-3.4903071056805786,verrokki
153,30,83.30407118231597,82.51551522248243,37.634354086392214,33.222003406429636,-0.7885559598335306,-4.412350679962579,verrokki
153,31,83.12142589209007,82.61838932232897,36.714543276502546,34.038300341737056,-0.5030365697611074,-2.67624293476549,verrokki
153,32,82.68464402047464,82.6843502308699,34.68124709167054,34.35393466505346,-2.9378960473991356e-4,-0.32731242661708393,verrokki
153,33,82.78950345114153,82.23634609586976,35.833006302084534,32.519746759119684,-0.5531573552717646,-3.3132595429648504,verrokki
153,34,82.96631089311826,82.33995398203815,35.797266645941995,33.42685370741483,-0.6263569110801086,-2.370412938527167,verrokki
153,35,82.84112752667849,82.53043283300293,35.27323852766958,34.02600774096101,-0.3106946936755577,-1.2472307867085632,verrokki
153,36,82.95511773631236,82.52016195670137,35.87106339113011,34.09117737327951,-0.43495577961098775,-1.7798860178506004,verrokki
153,37,82.58540095561568,82.26067413050995,34.586379598180876,32.87787197004924,-0.3247268251057278,-1.7085076281316347,verrokki
153,38,82.12774178753655,82.19608353854896,33.55156796422634,32.45761507861337,0.06834175101241158,-1.093952885612964,verrokki
153,39,82.91150148676347,81.7676409871446,35.673662634602614,30.559726001689032,-1.1438604996188673,-5.113936632913582,verrokki
154,16,97.19634784150341,98.37399780493703,20.138581095056583,23.702959614561824,1.1776499634336233,3.56437851950524,verrokki
154,17,96.71087467378341,98.66070062894518,19.195115902837642,24.645290901411986,1.9498259551617707,5.450174998574344,verrokki
154,18,96.51659262496055,98.64987734150111,20.095647318719198,24.57991236652912,2.133284716540558,4.48426504780992,verrokki
154,19,97.31338595866748,98.5291582269537,20.9447433991499,24.319327335248953,1.2157722682862158,3.3745839360990537,verrokki
154,20,97.31456361544858,98.32644028338626,21.16490700561497,23.586302039173983,1.0118766679376847,2.421395033559012,verrokki
154,21,95.94985383404543,98.11035263485594,18.910126677160633,23.269372275994794,2.1604988008105153,4.3592455988341605,verrokki
154,22,96.75823434315035,98.27429079882454,19.64152667463274,23.882781309636705,1.516056455674189,4.2412546350039655,verrokki
154,23,96.42227081991963,98.26096620896568,19.138118603050554,23.769791735102817,1.8386953890460518,4.6316731320522635,verrokki
154,24,95.43784629133155,98.21426910685223,16.990616621983914,23.7120935330654,2.776422815520675,6.721476911081485,verrokki
154,25,96.136788433331,98.08592742161646,18.79444017601453,23.604801166638623,1.9491389882854548,4.810360990624094,verrokki
154,26,96.4027787291367,98.46399149317214,19.013859396762335,24.609357510633536,2.061212764035446,5.595498113871201,verrokki
154,27,96.72635008144343,98.15176797326589,19.959904773837867,23.61587789017341,1.4254178918224625,3.655973116335545,verrokki
154,28,96.45733879794146,97.81605664363616,19.15911790047272,21.971107177525266,1.3587178456946987,2.8119892770525468,verrokki
154,29,97.02418234700541,98.13791690088064,20.700421440018996,22.577056398725876,1.1137345538752328,1.8766349587068802,verrokki
154,30,97.2263879724762,98.20473777199182,20.740644735601848,22.969360238050957,0.9783497995156125,2.228715502449109,verrokki
154,31,97.8675603338777,97.95075475800822,22.1885773906732,22.722851028279106,0.08319442413051092,0.5342736376059065,verrokki
154,32,97.24314700349369,98.37100446428572,20.980023291229955,23.696428571428573,1.127857460792029,2.716405280198618,verrokki
154,33,97.70448321727564,98.12532905010485,22.134418277130116,22.99000580020524,0.4208458328292153,0.8555875230751226,verrokki
154,34,98.05253405504958,97.75549645636949,22.57234943344526,22.216962085242066,-0.2970375986800917,-0.3553873482031946,verrokki
154,35,97.48158287705326,98.10449306045636,21.24643649033893,22.97341801928958,0.622910183403107,1.726981528950649,verrokki
154,36,97.72924934703707,97.93037875392201,21.959906380380584,22.910129986553116,0.20112940688494518,0.950223606172532,verrokki
154,37,97.01751967831228,97.66678855889108,20.01435292241448,21.990880937960668,0.649268880578802,1.9765280155461866,verrokki
154,38,91.30969702104996,97.68722431994195,11.176207134470362,21.90132779988888,6.377527298891991,10.725120665418517,verrokki
154,39,92.09016739754367,96.9274959251365,10.527542650679642,20.186246908232935,4.837328527592831,9.658704257553293,verrokki
164,16,75.51108886898804,74.19281097272584,84.04361797397672,80.8562870205626,-1.3182778962622024,-3.1873309534141185,verrokki
164,17,74.88263228352004,74.2513118899372,82.30536179806947,81.0380923896789,-0.6313203935828398,-1.2672694083905753,verrokki
164,18,75.0737880370567,74.182361658415,82.90151891364282,80.56650163349163,-0.8914263786416967,-2.3350172801511917,verrokki
164,19,74.7303755680484,74.02421392098898,82.62082682984102,79.93684493415749,-0.7061616470594174,-2.68398189568353,verrokki
164,20,74.33520604395605,74.03664459161148,81.46153846153847,80.72338257768722,-0.2985614523445719,-0.738155883851249,verrokki
164,21,74.53289171905777,71.27310636436539,81.36855454520925,69.50790989283371,-3.259785354692383,-11.860644652375541,verrokki
164,22,74.38513342873979,63.79548373731096,81.12299015068608,39.163041226434636,-10.589649691428832,-41.95994892425144,verrokki
164,23,74.25516044410291,63.76355073150266,80.7069609687591,38.767610875773116,-10.491609712600251,-41.93935009298599,verrokki
164,24,73.96217129134835,63.95427690376455,80.24515430999222,38.941723860333745,-10.007894387583804,-41.30343044965847,verrokki
164,25,74.48266825886489,64.65520363536969,81.32484160944705,41.25324586579199,-9.827464623495203,-40.07159574365506,verrokki
164,26,74.81946199923064,64.6558086023592,82.3858328295873,41.352591381007166,-10.163653396871439,-41.033241448580135,verrokki
164,27,75.28670456880609,65.10691359743787,83.73039249263648,43.605096428322774,-10.17979097136822,-40.12529606431371,verrokki
164,28,75.22026164960359,64.9897443921312,83.59690752136993,42.9995874998222,-10.230517257472385,-40.59732002154773,verrokki
164,29,75.57187762551786,65.16276307105669,84.1744647564968,44.12554080809562,-10.40911455446117,-40.04892394840118,verrokki
164,30,75.43894549340934,65.08706827309237,83.76772354827217,43.615918218327856,-10.351877220316965,-40.15180532994432,verrokki
164,31,75.23662880458757,64.85739725051641,83.32460299955889,42.353443977491274,-10.379231554071154,-40.97115902206762,verrokki
164,32,74.1252106080104,64.58857324805493,79.54813802618835,40.806268516211205,-9.536637359955478,-38.74186950997715,verrokki
164,33,73.98550840993938,63.79972279021257,79.42542116601768,37.36431129835733,-10.185785619726815,-42.061109867660356,verrokki
164,34,74.24785521528402,63.4526817433498,80.09478672985782,37.33645264708431,-10.79517347193422,-42.75833408277351,verrokki
164,35,73.99530359388798,63.65176745143798,79.73186330916,38.263436062873225,-10.343536142449999,-41.46842724628678,verrokki
164,36,74.33141788232761,63.44842548970989,80.62388975615008,37.58161831556327,-10.882992392617723,-43.04227144058681,verrokki
164,37,73.85637607484722,63.03594335693461,79.42106970958845,35.18533944189921,-10.82043271791261,-44.23573026768924,verrokki
164,38,73.19488027553028,62.87465584087206,76.90930461403893,33.72618980727089,-10.320224434658222,-43.18311480676804,verrokki
164,39,73.81783876500857,62.25189590037778,78.70668953687822,32.270882887925005,-11.565942864630792,-46.43580664895321,verrokki
