ryhma,vk,pisteita,m_d_ka,m_d_yli6,kh_d_yli6,aineisto
KehaI,16,9,-0.23,-0.94,1.32,kaikki
KehaI,17,9,-0.03,0.1,1.36,kaikki
KehaI,18,9,-0.01,-0.38,1.4,kaikki
KehaI,19,9,-0.4,-1.22,1.52,kaikki
KehaI,20,9,0.08,-0.21,1.59,kaikki
KehaI,21,9,-0.29,-0.78,1.24,kaikki
KehaI,22,9,-0.05,-0.59,1.63,kaikki
KehaI,23,9,-0.15,-0.87,1.35,kaikki
KehaI,24,9,-0.02,-0.36,2.28,kaikki
KehaI,25,9,0.32,0.32,2.99,kaikki
KehaI,26,9,-0.21,-0.63,3.07,kaikki
KehaI,27,9,-0.38,-1.34,2.84,kaikki
KehaI,28,9,-0.25,-0.92,2.98,kaikki
KehaI,29,9,-0.44,-1.69,2.94,kaikki
KehaI,30,9,-0.39,-1.61,3.09,kaikki
KehaI,31,9,-0.45,-1.61,2.94,kaikki
KehaI,32,9,0.05,0.22,2.4,kaikki
KehaI,33,9,-0.23,-1.51,2.45,kaikki
KehaI,34,9,-0.92,-2.6,2.69,kaikki
KehaI,35,9,-2.44,-4.5,5.56,kaikki
KehaI,36,9,-3.44,-6.28,7.12,kaikki
KehaI,37,9,-3.32,-6.55,7.13,kaikki
KehaI,38,9,-2.92,-5.73,8,kaikki
KehaI,39,9,-4.45,-8.5,8.17,kaikki
verrokki,16,9,-0.33,-1.15,2.08,kaikki
verrokki,17,9,1,2.9,2.86,kaikki
verrokki,18,9,0.67,1.81,3.5,kaikki
verrokki,19,9,0.29,1.08,3.43,kaikki
verrokki,20,9,0.03,0.1,3.09,kaikki
verrokki,21,9,0.52,0.81,6.95,kaikki
verrokki,22,8,-1.22,-4.83,15.32,kaikki
verrokki,23,9,0.07,-1.55,16.84,kaikki
verrokki,24,9,0.27,-1.3,16.79,kaikki
verrokki,25,9,0.29,-1.34,16.35,kaikki
verrokki,26,9,0.29,-0.95,16.89,kaikki
verrokki,27,9,-0.69,-3.16,14.57,kaikki
verrokki,28,9,-0.67,-3.77,14.25,kaikki
verrokki,29,9,-0.71,-4.28,13.97,kaikki
verrokki,30,9,-0.42,-3.71,15.59,kaikki
verrokki,31,9,-0.44,-3.47,15.8,kaikki
verrokki,32,9,0.31,-1.12,15.82,kaikki
verrokki,33,9,0.02,-2.39,16.58,kaikki
verrokki,34,9,-0.31,-2.71,16.67,kaikki
verrokki,35,9,0.93,-0.48,17.14,kaikki
verrokki,36,9,0.48,-1.16,17.86,kaikki
verrokki,37,9,0.63,-1.73,18.18,kaikki
verrokki,38,9,1.24,-0.49,18.55,kaikki
verrokki,39,8,0.02,-3.34,19.53,kaikki
KehaI,16,7,-0.28,-1.2,1.29,vakaat
KehaI,17,7,-0.1,-0.16,1.41,vakaat
KehaI,18,7,-0.13,-0.63,1.42,vakaat
KehaI,19,7,-0.51,-1.58,1.29,vakaat
KehaI,20,7,-0.18,-0.75,1.26,vakaat
KehaI,21,7,-0.38,-1.09,1.25,vakaat
KehaI,22,7,-0.06,-0.64,1.71,vakaat
KehaI,23,7,-0.27,-1.2,0.88,vakaat
KehaI,24,7,-0.16,-1.03,2.02,vakaat
KehaI,25,7,0.19,-0.36,2.63,vakaat
KehaI,26,7,-0.39,-1.49,2.08,vakaat
KehaI,27,7,-0.55,-2.17,1.5,vakaat
KehaI,28,7,-0.44,-1.9,1.73,vakaat
KehaI,29,7,-0.61,-2.73,1.95,vakaat
KehaI,30,7,-0.58,-2.65,2.21,vakaat
KehaI,31,7,-0.68,-2.66,1.74,vakaat
KehaI,32,7,-0.15,-0.57,1.47,vakaat
KehaI,33,7,-0.49,-2.29,1.69,vakaat
KehaI,34,7,-1.2,-3.44,1.46,vakaat
KehaI,35,7,-2.09,-3.83,2.14,vakaat
KehaI,36,7,-3,-5.52,3.81,vakaat
KehaI,37,7,-2.87,-5.84,4.17,vakaat
KehaI,38,7,-2.23,-4.51,4.53,vakaat
KehaI,39,7,-3.76,-7.66,5.23,vakaat
verrokki,16,7,-0.29,-0.86,2.28,vakaat
verrokki,17,7,0.99,2.8,3.1,vakaat
verrokki,18,7,0.85,2.34,3.84,vakaat
verrokki,19,7,0.43,1.67,3.72,vakaat
verrokki,20,7,0.09,0.44,3.45,vakaat
verrokki,21,7,0.58,0.99,7.89,vakaat
verrokki,22,6,-1.49,-5.8,17.98,vakaat
verrokki,23,7,0.17,-1.57,19.4,vakaat
verrokki,24,7,0.51,-1.01,19.37,vakaat
verrokki,25,7,0.42,-1.29,18.86,vakaat
verrokki,26,7,0.4,-1.01,19.48,vakaat
verrokki,27,7,-0.8,-3.56,16.75,vakaat
verrokki,28,7,-0.8,-4.4,16.36,vakaat
verrokki,29,7,-0.89,-4.95,16.04,vakaat
verrokki,30,7,-0.44,-3.92,17.98,vakaat
verrokki,31,7,-0.54,-3.97,18.2,vakaat
verrokki,32,7,0.23,-1.85,18.16,vakaat
verrokki,33,7,-0.27,-3.64,18.67,vakaat
verrokki,34,7,-0.58,-4.29,18.66,vakaat
verrokki,35,7,0.91,-1.8,19.31,vakaat
verrokki,36,7,0.48,-2.18,20.34,vakaat
verrokki,37,7,0.62,-2.81,20.74,vakaat
verrokki,38,7,1.33,-1.49,21.17,vakaat
verrokki,39,6,0.08,-4.32,22.81,vakaat
